latitude,longitude,timestamp,temperature,windspeed,humidity,precipitation,dewpoint,cloud_cover,pressure,solar_radiation,sunshine_duration,month,year,ndvi,elevation,Cluster
-4.0,31.1667,2014-06-15 00:00:00.000,19.8,4.0,93,0.0,18.7,63,897.3,0.0,0.0,6,2014,4570,1120,-1
-4.0,31.1667,2014-06-15 01:00:00.000,19.7,3.7,93,0.0,18.5,64,897.3,0.0,0.0,6,2014,4570,1120,-1
-4.0,31.1667,2014-06-15 01:59:59.990,19.7,3.1,92,0.0,18.3,77,897.6,0.0,0.0,6,2014,4570,1120,-1
-4.0,31.1667,2014-06-15 02:59:59.985,19.6,2.9,91,0.0,18.1,80,898.0,0.0,0.0,6,2014,4570,1120,-1
-4.0,31.1667,2014-06-15 03:59:59.980,19.5,3.6,91,0.0,18.0,79,898.5,0.0,0.0,6,2014,4570,1120,-1
-4.0,31.1667,2014-06-15 04:59:59.975,20.4,4.1,88,0.0,18.3,74,899.0,75.0,2487.23,6,2014,4570,1120,-1
-4.0,31.1667,2014-06-15 05:59:59.970,22.9,8.4,79,0.0,19.1,39,900.2,295.0,3600.0,6,2014,4570,1120,-1
-4.0,31.1667,2014-06-15 06:59:59.965,25.2,10.2,72,0.0,19.8,95,900.7,565.0,3600.0,6,2014,4570,1120,-1
-4.0,31.1667,2014-06-15 07:59:59.960,26.9,9.7,62,0.0,19.0,62,900.6,703.0,3600.0,6,2014,4570,1120,-1
-4.0,31.1667,2014-06-15 08:59:59.955,27.9,6.0,58,0.4,18.9,100,900.3,838.0,3600.0,6,2014,4570,1120,-1
-4.0,31.1667,2014-06-15 09:59:59.950,29.2,5.2,52,0.0,18.4,74,899.7,961.0,3600.0,6,2014,4570,1120,-1
-4.0,31.1667,2014-06-15 10:59:59.945,29.7,5.5,50,0.0,18.2,100,898.7,870.0,3600.0,6,2014,4570,1120,-1
-4.0,31.1667,2014-06-15 11:59:59.940,29.9,5.1,48,0.0,17.7,93,897.6,721.0,3600.0,6,2014,4570,1120,-1
-4.0,31.1667,2014-06-15 12:59:59.935,29.6,4.7,48,0.0,17.4,100,896.6,596.0,3600.0,6,2014,4570,1120,-1
-4.0,31.1667,2014-06-15 13:59:59.930,29.0,3.8,50,0.0,17.6,100,895.7,375.0,3600.0,6,2014,4570,1120,-1
-4.0,31.1667,2014-06-15 14:59:59.925,28.5,3.6,50,0.0,17.1,100,896.0,254.0,3600.0,6,2014,4570,1120,-1
-4.0,31.1667,2014-06-15 15:59:59.920,26.3,5.2,62,0.1,18.4,100,896.2,67.0,0.0,6,2014,4570,1120,-1
-4.0,31.1667,2014-06-15 16:59:59.915,23.9,4.8,78,0.6,19.9,100,897.5,1.0,0.0,6,2014,4570,1120,-1
-4.0,31.1667,2014-06-15 17:59:59.910,23.1,4.6,84,2.2,20.3,100,898.2,0.0,0.0,6,2014,4570,1120,-1
-4.0,31.1667,2014-06-15 18:59:59.905,22.6,3.4,86,3.2,20.1,100,898.9,0.0,0.0,6,2014,4570,1120,-1
-4.0,31.1667,2014-06-15 19:59:59.900,22.0,3.7,88,3.1,19.9,100,899.3,0.0,0.0,6,2014,4570,1120,-1
-4.0,31.1667,2014-06-15 20:59:59.895,21.6,2.8,90,0.3,19.9,100,898.9,0.0,0.0,6,2014,4570,1120,0
-4.0,31.1667,2014-06-15 21:59:59.890,21.4,1.1,91,0.0,19.8,100,898.6,0.0,0.0,6,2014,4570,1120,0
-4.0,31.1667,2014-06-15 22:59:59.885,21.1,2.0,92,0.0,19.7,100,898.0,0.0,0.0,6,2014,4570,1120,0
-4.0,31.1667,2014-06-15 23:59:59.880,20.7,5.1,94,0.0,19.7,97,897.7,0.0,0.0,6,2014,4570,1120,-1
-4.0,31.1667,2014-06-16 00:59:59.875,20.5,4.2,93,0.0,19.3,100,897.6,0.0,0.0,6,2014,4570,1120,-1
-4.0,31.1667,2014-06-16 01:59:59.870,20.3,3.1,93,0.0,19.2,100,897.8,0.0,0.0,6,2014,4570,1120,0
-4.0,31.1667,2014-06-16 02:59:59.865,20.1,3.4,93,0.4,18.9,100,898.1,0.0,0.0,6,2014,4570,1120,0
-4.0,31.1667,2014-06-16 03:59:59.860,20.1,1.5,92,0.0,18.7,100,898.1,0.0,0.0,6,2014,4570,1120,0
-4.0,31.1667,2014-06-16 04:59:59.855,20.5,2.4,92,0.0,19.1,100,898.7,48.0,0.0,6,2014,4570,1120,-1
-4.0,31.1667,2014-06-16 05:59:59.850,22.3,1.8,88,0.0,20.2,100,899.5,205.0,1230.66,6,2014,4570,1120,1
-4.0,31.1667,2014-06-16 06:59:59.845,23.9,2.6,82,0.0,20.6,100,899.9,405.0,3600.0,6,2014,4570,1120,1
-4.0,31.1667,2014-06-16 07:59:59.840,25.5,2.5,76,0.0,21.0,85,899.7,625.0,3600.0,6,2014,4570,1120,1
-4.0,31.1667,2014-06-16 08:59:59.835,27.0,3.1,68,0.0,20.6,89,899.3,761.0,3600.0,6,2014,4570,1120,2
-4.0,31.1667,2014-06-16 09:59:59.830,28.1,2.2,64,0.1,20.7,93,898.6,875.0,3600.0,6,2014,4570,1120,-1
-4.0,31.1667,2014-06-16 10:59:59.825,28.6,2.6,60,0.1,20.1,98,897.6,797.0,3600.0,6,2014,4570,1120,2
-4.0,31.1667,2014-06-16 11:59:59.820,29.1,1.5,57,0.1,19.7,100,896.7,743.0,3600.0,6,2014,4570,1120,-1
-4.0,31.1667,2014-06-16 12:59:59.815,28.7,1.4,58,0.1,19.6,100,895.7,566.0,3600.0,6,2014,4570,1120,-1
-4.0,31.1667,2014-06-16 13:59:59.810,26.0,12.3,73,3.0,20.8,100,895.4,295.0,1799.53,6,2014,4570,1120,-1
-4.0,31.1667,2014-06-16 14:59:59.805,25.1,5.1,75,1.1,20.4,100,895.1,144.0,0.0,6,2014,4570,1120,-1
-4.0,31.1667,2014-06-16 15:59:59.800,24.7,0.8,81,0.0,21.2,100,895.3,54.0,0.0,6,2014,4570,1120,-1
-4.0,31.1667,2014-06-16 16:59:59.795,23.6,2.3,86,0.0,21.1,100,895.7,1.0,0.0,6,2014,4570,1120,-1
-4.0,31.1667,2014-06-16 17:59:59.790,22.8,1.9,89,0.0,20.9,100,896.2,0.0,0.0,6,2014,4570,1120,0
-4.0,31.1667,2014-06-16 18:59:59.785,22.3,2.2,90,0.0,20.6,70,896.7,0.0,0.0,6,2014,4570,1120,-1
-4.0,31.1667,2014-06-16 19:59:59.780,21.7,2.2,92,0.0,20.3,100,897.0,0.0,0.0,6,2014,4570,1120,0
-4.0,31.1667,2014-06-16 20:59:59.775,21.3,2.3,93,0.0,20.1,100,896.9,0.0,0.0,6,2014,4570,1120,0
-4.0,31.1667,2014-06-16 21:59:59.770,20.8,2.9,95,0.0,19.9,100,896.4,0.0,0.0,6,2014,4570,1120,0
-4.0,31.1667,2014-06-16 22:59:59.765,20.2,2.5,97,0.0,19.7,100,895.6,0.0,0.0,6,2014,4570,1120,0
-4.0,31.1667,2014-06-16 23:59:59.760,19.8,2.3,97,0.0,19.3,100,895.1,0.0,0.0,6,2014,4570,1120,0
-4.0,31.1667,2014-06-17 00:59:59.755,19.2,2.6,100,0.0,19.2,100,895.1,0.0,0.0,6,2014,4570,1120,0
-4.0,31.1667,2014-06-17 01:59:59.750,18.9,3.2,99,0.0,18.8,100,895.7,0.0,0.0,6,2014,4570,1120,0
-4.0,31.1667,2014-06-17 02:59:59.745,19.0,2.8,98,0.0,18.7,100,896.4,0.0,0.0,6,2014,4570,1120,0
-4.0,31.1667,2014-06-17 03:59:59.740,19.0,1.6,97,0.0,18.5,100,896.6,0.0,0.0,6,2014,4570,1120,-1
-4.0,31.1667,2014-06-17 04:59:59.735,19.5,1.8,98,0.0,19.2,100,897.2,70.0,214.43,6,2014,4570,1120,-1
-4.0,31.1667,2014-06-17 05:59:59.730,22.1,3.2,90,0.0,20.4,94,898.5,298.0,3600.0,6,2014,4570,1120,1
-4.0,31.1667,2014-06-17 06:59:59.725,24.6,1.8,80,0.0,20.9,100,898.9,545.0,3600.0,6,2014,4570,1120,1
-4.0,31.1667,2014-06-17 07:59:59.720,26.1,4.7,71,0.1,20.4,100,898.5,660.0,3600.0,6,2014,4570,1120,-1
-4.0,31.1667,2014-06-17 08:59:59.715,27.0,4.5,69,0.1,20.8,100,898.1,684.0,3600.0,6,2014,4570,1120,-1
-4.0,31.1667,2014-06-17 09:59:59.710,27.8,3.8,64,0.1,20.3,100,897.6,697.0,3600.0,6,2014,4570,1120,2
-4.0,31.1667,2014-06-17 10:59:59.705,28.9,3.7,58,0.0,19.8,100,896.9,839.0,3600.0,6,2014,4570,1120,2
-4.0,31.1667,2014-06-17 11:59:59.700,29.3,4.7,56,0.0,19.6,100,895.8,819.0,3600.0,6,2014,4570,1120,-1
-4.0,31.1667,2014-06-17 12:59:59.695,28.8,6.2,57,0.1,19.5,100,895.0,544.0,3600.0,6,2014,4570,1120,-1
-4.0,31.1667,2014-06-17 13:59:59.690,28.3,7.1,59,0.0,19.5,100,894.7,414.0,3600.0,6,2014,4570,1120,-1
-4.0,31.1667,2014-06-17 14:59:59.685,27.4,7.3,64,0.0,20.0,100,894.9,259.0,3600.0,6,2014,4570,1120,-1
-4.0,31.1667,2014-06-17 15:59:59.680,25.5,4.8,76,0.2,20.9,100,894.9,81.0,0.0,6,2014,4570,1120,-1
-4.0,31.1667,2014-06-17 16:59:59.675,23.7,3.2,86,0.0,21.2,100,894.9,1.0,0.0,6,2014,4570,1120,-1
-4.0,31.1667,2014-06-17 17:59:59.670,22.9,1.8,89,0.0,21.0,36,895.8,0.0,0.0,6,2014,4570,1120,-1
-4.0,31.1667,2014-06-17 18:59:59.665,22.1,3.5,92,0.0,20.7,100,896.6,0.0,0.0,6,2014,4570,1120,-1
-4.0,31.1667,2014-06-17 19:59:59.660,21.6,4.6,93,0.0,20.4,100,896.8,0.0,0.0,6,2014,4570,1120,-1
-4.0,31.1667,2014-06-17 20:59:59.655,21.2,5.9,92,0.0,19.9,70,896.8,0.0,0.0,6,2014,4570,1120,-1
-4.0,31.1667,2014-06-17 21:59:59.650,20.8,6.0,92,0.0,19.5,100,896.2,0.0,0.0,6,2014,4570,1120,-1
-4.0,31.1667,2014-06-17 22:59:59.645,20.6,4.6,92,0.0,19.3,100,895.7,0.0,0.0,6,2014,4570,1120,-1
-4.0,31.1667,2014-06-17 23:59:59.640,20.5,4.8,92,0.0,19.2,100,895.3,0.0,0.0,6,2014,4570,1120,-1
-4.0,31.1667,2014-06-18 00:59:59.635,20.5,4.8,91,0.0,19.0,100,895.3,0.0,0.0,6,2014,4570,1120,-1
-4.0,31.1667,2014-06-18 01:59:59.630,20.4,3.8,91,0.0,18.9,100,895.6,0.0,0.0,6,2014,4570,1120,0
-4.0,31.1667,2014-06-18 02:59:59.625,20.2,3.4,91,0.0,18.7,100,895.9,0.0,0.0,6,2014,4570,1120,0
-4.0,31.1667,2014-06-18 03:59:59.620,20.0,1.9,90,0.0,18.3,100,896.1,0.0,0.0,6,2014,4570,1120,-1
-4.0,31.1667,2014-06-18 04:59:59.615,20.8,1.3,88,0.0,18.7,100,896.9,75.0,1911.59,6,2014,4570,1120,1
-4.0,31.1667,2014-06-18 05:59:59.610,23.1,3.8,80,0.0,19.5,100,898.4,283.0,3600.0,6,2014,4570,1120,1
-4.0,31.1667,2014-06-18 06:59:59.605,25.3,7.5,73,0.0,20.1,39,898.9,542.0,3600.0,6,2014,4570,1120,-1
-4.0,31.1667,2014-06-18 07:59:59.600,27.2,8.6,68,0.0,20.8,73,898.9,763.0,3600.0,6,2014,4570,1120,-1
-4.0,31.1667,2014-06-18 08:59:59.595,28.5,8.0,62,0.2,20.5,100,898.2,871.0,3600.0,6,2014,4570,1120,-1
-4.0,31.1667,2014-06-18 09:59:59.590,29.0,5.4,60,0.2,20.4,100,897.7,833.0,3600.0,6,2014,4570,1120,-1
-4.0,31.1667,2014-06-18 10:59:59.585,29.4,5.2,58,0.2,20.3,100,896.9,784.0,3600.0,6,2014,4570,1120,-1
-4.0,31.1667,2014-06-18 11:59:59.580,28.8,6.1,60,0.2,20.3,100,895.9,581.0,3446.44,6,2014,4570,1120,-1
-4.0,31.1667,2014-06-18 12:59:59.575,27.8,7.4,64,1.6,20.3,100,895.5,410.0,790.42,6,2014,4570,1120,-1
-4.0,31.1667,2014-06-18 13:59:59.570,26.2,10.1,70,1.6,20.3,100,895.2,246.0,0.0,6,2014,4570,1120,-1
-4.0,31.1667,2014-06-18 14:59:59.565,24.9,11.5,76,1.6,20.4,100,895.2,126.0,0.0,6,2014,4570,1120,-1
-4.0,31.1667,2014-06-18 15:59:59.560,24.1,8.8,81,0.0,20.6,100,895.5,48.0,0.0,6,2014,4570,1120,-1
-4.0,31.1667,2014-06-18 16:59:59.555,23.4,4.3,85,0.0,20.7,100,896.1,5.0,0.0,6,2014,4570,1120,-1
-4.0,31.1667,2014-06-18 17:59:59.550,22.8,2.4,89,0.0,20.9,100,896.7,0.0,0.0,6,2014,4570,1120,0
-4.0,31.1667,2014-06-18 18:59:59.545,22.4,2.9,92,0.4,21.0,100,897.2,0.0,0.0,6,2014,4570,1120,-1
-4.0,31.1667,2014-06-18 19:59:59.540,22.1,3.1,94,0.4,21.1,100,897.8,0.0,0.0,6,2014,4570,1120,-1
-4.0,31.1667,2014-06-18 20:59:59.535,21.8,3.4,95,0.4,20.9,100,898.1,0.0,0.0,6,2014,4570,1120,-1
-4.0,31.1667,2014-06-18 21:59:59.530,21.5,4.0,95,0.6,20.6,100,897.8,0.0,0.0,6,2014,4570,1120,-1
-4.0,31.1667,2014-06-18 22:59:59.525,21.2,5.0,95,0.6,20.3,100,897.2,0.0,0.0,6,2014,4570,1120,-1
-4.0,31.1667,2014-06-18 23:59:59.520,20.9,5.4,94,0.6,19.9,100,896.8,0.0,0.0,6,2014,4570,1120,-1
-4.0,31.1667,2014-06-19 00:59:59.515,20.6,4.5,94,0.3,19.6,100,896.6,0.0,0.0,6,2014,4570,1120,-1
-4.0,31.1667,2014-06-19 01:59:59.510,20.2,3.2,94,0.3,19.2,100,896.7,0.0,0.0,6,2014,4570,1120,0
-4.0,31.1667,2014-06-19 02:59:59.505,20.2,2.3,94,0.3,19.2,100,897.0,0.0,0.0,6,2014,4570,1120,0
-4.0,31.1667,2014-06-19 03:59:59.500,20.7,1.9,93,0.0,19.5,100,897.7,0.0,0.0,6,2014,4570,1120,0
-4.0,31.1667,2014-06-19 04:59:59.495,21.4,2.5,91,0.0,19.8,100,898.7,57.0,609.15,6,2014,4570,1120,1
-4.0,31.1667,2014-06-19 05:59:59.490,22.3,3.9,88,0.0,20.2,100,899.4,179.0,2010.66,6,2014,4570,1120,1
-4.0,31.1667,2014-06-19 06:59:59.485,23.4,5.6,83,0.4,20.4,100,899.6,323.0,3241.4,6,2014,4570,1120,-1
-4.0,31.1667,2014-06-19 07:59:59.480,24.7,7.4,78,0.4,20.6,100,899.5,487.0,3600.0,6,2014,4570,1120,-1
-4.0,31.1667,2014-06-19 08:59:59.475,25.7,8.4,73,0.4,20.5,100,899.2,623.0,3600.0,6,2014,4570,1120,-1
-4.0,31.1667,2014-06-19 09:59:59.470,26.4,7.9,70,0.2,20.5,100,898.6,690.0,3600.0,6,2014,4570,1120,-1
-4.0,31.1667,2014-06-19 10:59:59.465,26.8,6.4,68,0.2,20.4,100,897.8,689.0,3600.0,6,2014,4570,1120,-1
-4.0,31.1667,2014-06-19 11:59:59.460,26.9,4.8,68,0.2,20.5,100,897.1,616.0,3600.0,6,2014,4570,1120,2
-4.0,31.1667,2014-06-19 12:59:59.455,26.4,3.2,70,1.2,20.5,100,896.6,474.0,2307.18,6,2014,4570,1120,-1
-4.0,31.1667,2014-06-19 13:59:59.450,25.6,1.6,73,1.2,20.4,100,896.2,306.0,326.65,6,2014,4570,1120,-1
-4.0,31.1667,2014-06-19 14:59:59.445,24.8,0.5,77,1.2,20.5,100,896.1,163.0,0.0,6,2014,4570,1120,-1
-4.0,31.1667,2014-06-19 15:59:59.440,24.1,0.5,80,0.1,20.5,100,896.4,58.0,0.0,6,2014,4570,1120,-1
-4.0,31.1667,2014-06-19 16:59:59.435,23.5,0.5,84,0.1,20.6,100,897.1,5.0,0.0,6,2014,4570,1120,-1
-4.0,31.1667,2014-06-19 17:59:59.430,22.9,0.8,87,0.1,20.6,100,897.7,0.0,0.0,6,2014,4570,1120,0
-4.0,31.1667,2014-06-19 18:59:59.425,22.3,0.5,89,0.0,20.4,100,898.2,0.0,0.0,6,2014,4570,1120,0
-4.0,31.1667,2014-06-19 19:59:59.420,21.9,1.4,91,0.0,20.3,100,898.6,0.0,0.0,6,2014,4570,1120,0
-4.0,31.1667,2014-06-19 20:59:59.415,21.4,1.8,93,0.0,20.2,100,898.7,0.0,0.0,6,2014,4570,1120,0
-4.0,31.1667,2014-06-19 21:59:59.410,21.0,1.8,95,0.0,20.2,100,898.3,0.0,0.0,6,2014,4570,1120,0
-4.0,31.1667,2014-06-19 22:59:59.405,20.7,2.2,96,0.0,20.1,100,897.6,0.0,0.0,6,2014,4570,1120,0
-4.0,31.1667,2014-06-19 23:59:59.400,20.4,3.2,97,0.0,19.9,100,897.0,0.0,0.0,6,2014,4570,1120,0
-4.0,31.1667,2014-06-20 00:59:59.395,20.1,3.6,97,0.0,19.6,100,897.0,0.0,0.0,6,2014,4570,1120,0
-4.0,31.1667,2014-06-20 01:59:59.390,19.8,3.3,97,0.0,19.3,100,897.2,0.0,0.0,6,2014,4570,1120,0
-4.0,31.1667,2014-06-20 02:59:59.385,19.8,3.1,96,0.0,19.2,100,897.5,0.0,0.0,6,2014,4570,1120,0
-4.0,31.1667,2014-06-20 03:59:59.380,20.4,2.6,94,0.0,19.4,100,898.1,0.0,0.0,6,2014,4570,1120,0
-4.0,31.1667,2014-06-20 04:59:59.375,21.3,1.8,92,0.0,19.9,100,898.8,47.0,221.92,6,2014,4570,1120,-1
-4.0,31.1667,2014-06-20 05:59:59.370,21.9,1.6,91,0.0,20.4,100,899.3,145.0,1083.88,6,2014,4570,1120,1
-4.0,31.1667,2014-06-20 06:59:59.365,23.5,4.3,85,0.0,20.8,99,899.9,292.0,3600.0,6,2014,4570,1120,1
-4.0,31.1667,2014-06-20 07:59:59.360,24.7,6.1,78,0.0,20.6,99,899.7,427.0,3600.0,6,2014,4570,1120,-1
-4.0,31.1667,2014-06-20 08:59:59.355,25.8,6.4,72,0.0,20.3,99,899.4,537.0,3600.0,6,2014,4570,1120,-1
-4.0,31.1667,2014-06-20 09:59:59.350,26.5,4.0,67,0.0,19.9,99,899.0,592.0,3600.0,6,2014,4570,1120,2
-4.0,31.1667,2014-06-20 10:59:59.345,26.9,1.9,64,0.0,19.5,100,898.6,591.0,2691.92,6,2014,4570,1120,-1
-4.0,31.1667,2014-06-20 11:59:59.340,27.0,4.1,63,0.0,19.3,100,898.1,534.0,1246.12,6,2014,4570,1120,2
-4.0,31.1667,2014-06-20 12:59:59.335,26.6,4.3,66,1.3,19.7,100,897.6,419.0,288.17,6,2014,4570,1120,-1
-4.0,31.1667,2014-06-20 13:59:59.330,25.8,3.7,72,1.3,20.4,100,896.9,280.0,0.0,6,2014,4570,1120,-1
-4.0,31.1667,2014-06-20 14:59:59.325,25.0,2.8,78,1.3,20.9,100,896.6,163.0,0.0,6,2014,4570,1120,-1
-4.0,31.1667,2014-06-20 15:59:59.320,24.3,2.3,82,0.0,21.0,100,896.7,66.0,0.0,6,2014,4570,1120,-1
-4.0,31.1667,2014-06-20 16:59:59.315,23.5,1.8,87,0.0,21.2,100,897.3,7.0,0.0,6,2014,4570,1120,-1
-4.0,31.1667,2014-06-20 17:59:59.310,22.7,1.3,90,0.0,21.0,100,897.6,0.0,0.0,6,2014,4570,1120,0
-4.0,31.1667,2014-06-20 18:59:59.305,22.1,0.0,93,0.0,20.9,100,897.7,0.0,0.0,6,2014,4570,1120,-1
-4.0,31.1667,2014-06-20 19:59:59.300,21.6,1.1,95,0.0,20.7,100,897.8,0.0,0.0,6,2014,4570,1120,0
-4.0,31.1667,2014-06-20 20:59:59.295,21.1,2.1,96,0.0,20.5,100,897.7,0.0,0.0,6,2014,4570,1120,0
-4.0,31.1667,2014-06-20 21:59:59.290,20.7,2.3,97,0.0,20.2,100,897.4,0.0,0.0,6,2014,4570,1120,0
-4.0,31.1667,2014-06-20 22:59:59.285,20.4,2.3,98,0.0,20.1,100,896.9,0.0,0.0,6,2014,4570,1120,0
-4.0,31.1667,2014-06-20 23:59:59.280,20.2,2.5,98,0.0,19.8,100,896.6,0.0,0.0,6,2014,4570,1120,0
-4.0,31.1667,2014-06-21 00:59:59.275,19.8,2.5,98,0.0,19.5,99,896.5,0.0,0.0,6,2014,4570,1120,0
-4.0,31.1667,2014-06-21 01:59:59.270,19.6,2.3,99,0.0,19.4,98,896.8,0.0,0.0,6,2014,4570,1120,0
-4.0,31.1667,2014-06-21 02:59:59.265,19.6,2.4,98,0.0,19.3,97,897.2,0.0,0.0,6,2014,4570,1120,0
-4.0,31.1667,2014-06-21 03:59:59.260,20.2,2.4,97,0.0,19.7,98,898.0,0.0,0.0,6,2014,4570,1120,0
-4.0,31.1667,2014-06-21 04:59:59.255,21.1,2.4,94,0.0,20.1,98,899.0,79.0,2387.31,6,2014,4570,1120,1
-4.0,31.1667,2014-06-21 05:59:59.250,22.3,2.7,90,0.0,20.6,99,899.8,250.0,3600.0,6,2014,4570,1120,1
-4.0,31.1667,2014-06-21 06:59:59.245,23.9,3.9,83,0.1,20.9,90,900.2,440.0,3600.0,6,2014,4570,1120,1
-4.0,31.1667,2014-06-21 07:59:59.240,25.8,5.0,73,0.1,20.6,81,900.3,642.0,3600.0,6,2014,4570,1120,-1
-4.0,31.1667,2014-06-21 08:59:59.235,27.2,5.7,66,0.1,20.3,72,900.1,798.0,3600.0,6,2014,4570,1120,-1
-4.0,31.1667,2014-06-21 09:59:59.230,28.1,4.7,62,0.1,20.1,74,899.4,854.0,3600.0,6,2014,4570,1120,-1
-4.0,31.1667,2014-06-21 10:59:59.225,28.6,3.2,60,0.1,20.1,77,898.3,822.0,3600.0,6,2014,4570,1120,-1
-4.0,31.1667,2014-06-21 11:59:59.220,28.7,1.8,59,0.1,19.9,79,897.5,738.0,3600.0,6,2014,4570,1120,-1
-4.0,31.1667,2014-06-21 12:59:59.215,28.4,3.8,60,0.2,19.9,86,896.9,632.0,3600.0,6,2014,4570,1120,2
-4.0,31.1667,2014-06-21 13:59:59.210,27.7,7.7,64,0.2,20.2,93,896.3,491.0,3600.0,6,2014,4570,1120,-1
-4.0,31.1667,2014-06-21 14:59:59.205,26.8,9.5,68,0.2,20.4,100,896.1,309.0,3600.0,6,2014,4570,1120,-1
-4.0,31.1667,2014-06-21 15:59:59.200,25.7,6.8,74,0.0,20.7,71,896.3,115.0,3337.49,6,2014,4570,1120,-1
-4.0,31.1667,2014-06-21 16:59:59.195,24.4,2.5,80,0.0,20.7,43,896.6,11.0,6.26,6,2014,4570,1120,-1
-4.0,31.1667,2014-06-21 17:59:59.190,23.2,1.9,86,0.0,20.8,14,897.0,0.0,0.0,6,2014,4570,1120,-1
-4.0,31.1667,2014-06-21 18:59:59.185,22.3,2.1,90,0.0,20.6,18,897.4,0.0,0.0,6,2014,4570,1120,-1
-4.0,31.1667,2014-06-21 19:59:59.180,21.4,2.2,94,0.0,20.4,22,897.7,0.0,0.0,6,2014,4570,1120,-1
-4.0,31.1667,2014-06-21 20:59:59.175,20.8,3.1,96,0.0,20.1,26,897.8,0.0,0.0,6,2014,4570,1120,-1
-4.0,31.1667,2014-06-21 21:59:59.170,20.3,3.6,96,0.0,19.6,47,897.4,0.0,0.0,6,2014,4570,1120,-1
-4.0,31.1667,2014-06-21 22:59:59.165,20.0,4.1,96,0.0,19.3,67,896.9,0.0,0.0,6,2014,4570,1120,-1
5.5333,23.3,2014-06-15 00:00:00.000,23.8,4.6,83,0.0,20.7,50,948.5,0.0,0.0,6,2014,8485,563,0
5.5333,23.3,2014-06-15 01:00:00.000,23.4,3.1,85,0.0,20.7,100,948.9,0.0,0.0,6,2014,8485,563,0
5.5333,23.3,2014-06-15 01:59:59.990,23.0,3.6,87,0.0,20.7,97,948.8,0.0,0.0,6,2014,8485,563,0
5.5333,23.3,2014-06-15 02:59:59.985,22.7,3.6,89,0.0,20.8,93,949.1,0.0,0.0,6,2014,8485,563,0
5.5333,23.3,2014-06-15 03:59:59.980,22.3,3.1,91,0.0,20.8,40,949.4,0.0,0.0,6,2014,8485,563,0
5.5333,23.3,2014-06-15 04:59:59.975,22.1,3.3,93,0.0,20.9,32,949.6,4.0,0.0,6,2014,8485,563,0
5.5333,23.3,2014-06-15 05:59:59.970,24.0,5.0,87,0.0,21.7,32,950.7,118.0,3347.63,6,2014,8485,563,0
5.5333,23.3,2014-06-15 06:59:59.965,26.5,9.8,77,0.0,22.1,31,951.6,343.0,3600.0,6,2014,8485,563,0
5.5333,23.3,2014-06-15 07:59:59.960,28.8,11.5,67,0.0,22.1,38,951.9,566.0,3600.0,6,2014,8485,563,1
5.5333,23.3,2014-06-15 08:59:59.955,30.6,12.2,58,0.0,21.4,48,951.6,710.0,3600.0,6,2014,8485,563,1
5.5333,23.3,2014-06-15 09:59:59.950,31.9,11.7,53,0.0,21.1,48,950.7,803.0,3600.0,6,2014,8485,563,1
5.5333,23.3,2014-06-15 10:59:59.945,32.9,9.2,48,0.0,20.4,66,949.9,837.0,3600.0,6,2014,8485,563,1
5.5333,23.3,2014-06-15 11:59:59.940,33.6,6.9,45,0.0,20.0,76,948.7,742.0,3600.0,6,2014,8485,563,1
5.5333,23.3,2014-06-15 12:59:59.935,33.6,5.1,43,0.0,19.3,81,947.8,669.0,3600.0,6,2014,8485,563,1
5.5333,23.3,2014-06-15 13:59:59.930,33.5,4.6,42,0.0,18.8,82,947.2,468.0,3600.0,6,2014,8485,563,1
5.5333,23.3,2014-06-15 14:59:59.925,32.9,3.1,43,0.0,18.7,73,947.2,324.0,3600.0,6,2014,8485,563,1
5.5333,23.3,2014-06-15 15:59:59.920,31.6,3.6,47,0.1,18.9,73,947.4,128.0,3600.0,6,2014,8485,563,1
5.5333,23.3,2014-06-15 16:59:59.915,28.1,18.4,59,0.1,19.3,41,947.8,11.0,0.0,6,2014,8485,563,-1
5.5333,23.3,2014-06-15 17:59:59.910,25.9,10.7,73,0.0,20.7,40,948.2,0.0,0.0,6,2014,8485,563,0
5.5333,23.3,2014-06-15 18:59:59.905,25.2,7.3,78,0.0,21.0,87,949.4,0.0,0.0,6,2014,8485,563,0
5.5333,23.3,2014-06-15 19:59:59.900,24.9,6.6,80,0.0,21.2,60,949.6,0.0,0.0,6,2014,8485,563,0
5.5333,23.3,2014-06-15 20:59:59.895,24.5,3.4,83,0.0,21.4,40,950.0,0.0,0.0,6,2014,8485,563,0
5.5333,23.3,2014-06-15 21:59:59.890,23.8,4.1,87,0.0,21.5,2,949.9,0.0,0.0,6,2014,8485,563,0
5.5333,23.3,2014-06-15 22:59:59.885,23.3,5.1,90,0.0,21.6,31,949.1,0.0,0.0,6,2014,8485,563,0
5.5333,23.3,2014-06-15 23:59:59.880,23.0,4.0,93,0.0,21.8,100,948.8,0.0,0.0,6,2014,8485,563,0
5.5333,23.3,2014-06-16 00:59:59.875,22.6,2.1,94,0.0,21.5,100,948.8,0.0,0.0,6,2014,8485,563,0
5.5333,23.3,2014-06-16 01:59:59.870,22.0,2.9,96,0.0,21.3,100,949.1,0.0,0.0,6,2014,8485,563,0
5.5333,23.3,2014-06-16 02:59:59.865,21.5,1.5,98,0.0,21.1,100,949.5,0.0,0.0,6,2014,8485,563,0
5.5333,23.3,2014-06-16 03:59:59.860,21.1,1.4,100,0.0,21.1,77,950.0,0.0,0.0,6,2014,8485,563,0
5.5333,23.3,2014-06-16 04:59:59.855,21.1,2.0,100,0.0,21.1,75,950.4,3.0,0.0,6,2014,8485,563,0
5.5333,23.3,2014-06-16 05:59:59.850,22.8,1.1,94,0.0,21.8,63,951.0,106.0,3339.3,6,2014,8485,563,0
5.5333,23.3,2014-06-16 06:59:59.845,25.8,2.6,79,0.0,21.9,30,951.8,330.0,3600.0,6,2014,8485,563,0
5.5333,23.3,2014-06-16 07:59:59.840,28.1,1.9,68,0.0,21.6,68,951.8,539.0,3600.0,6,2014,8485,563,0
5.5333,23.3,2014-06-16 08:59:59.835,30.3,1.6,58,0.0,21.1,74,951.4,695.0,3600.0,6,2014,8485,563,1
5.5333,23.3,2014-06-16 09:59:59.830,32.4,6.3,46,0.0,19.3,66,950.3,858.0,3600.0,6,2014,8485,563,1
5.5333,23.3,2014-06-16 10:59:59.825,33.6,9.6,41,0.0,18.5,59,949.2,861.0,3600.0,6,2014,8485,563,1
5.5333,23.3,2014-06-16 11:59:59.820,34.3,8.9,37,0.0,17.5,50,948.2,811.0,3600.0,6,2014,8485,563,1
5.5333,23.3,2014-06-16 12:59:59.815,34.6,8.4,34,0.0,16.4,86,947.0,698.0,3600.0,6,2014,8485,563,1
5.5333,23.3,2014-06-16 13:59:59.810,34.5,8.7,32,0.0,15.4,63,946.4,518.0,3600.0,6,2014,8485,563,1
5.5333,23.3,2014-06-16 14:59:59.805,34.1,8.5,31,0.0,14.5,70,946.1,330.0,3600.0,6,2014,8485,563,1
5.5333,23.3,2014-06-16 15:59:59.800,33.1,5.5,32,0.0,14.2,60,946.0,142.0,3600.0,6,2014,8485,563,1
5.5333,23.3,2014-06-16 16:59:59.795,30.7,3.8,39,0.0,15.1,62,945.8,12.0,0.0,6,2014,8485,563,1
5.5333,23.3,2014-06-16 17:59:59.790,28.2,5.4,41,0.0,13.7,17,946.2,0.0,0.0,6,2014,8485,563,-1
5.5333,23.3,2014-06-16 18:59:59.785,26.4,4.5,37,0.0,10.5,0,947.1,0.0,0.0,6,2014,8485,563,-1
5.5333,23.3,2014-06-16 19:59:59.780,24.8,4.3,37,0.0,9.1,0,947.9,0.0,0.0,6,2014,8485,563,2
5.5333,23.3,2014-06-16 20:59:59.775,23.6,3.2,41,0.0,9.5,39,948.2,0.0,0.0,6,2014,8485,563,2
5.5333,23.3,2014-06-16 21:59:59.770,22.6,3.1,44,0.0,9.7,55,947.8,0.0,0.0,6,2014,8485,563,2
5.5333,23.3,2014-06-16 22:59:59.765,21.3,4.7,46,0.0,9.2,60,947.5,0.0,0.0,6,2014,8485,563,2
5.5333,23.3,2014-06-16 23:59:59.760,21.0,3.6,47,0.0,9.2,55,947.3,0.0,0.0,6,2014,8485,563,2
5.5333,23.3,2014-06-17 00:59:59.755,20.8,4.4,47,0.0,9.0,59,947.3,0.0,0.0,6,2014,8485,563,2
5.5333,23.3,2014-06-17 01:59:59.750,20.4,4.7,46,0.0,8.4,53,947.7,0.0,0.0,6,2014,8485,563,2
5.5333,23.3,2014-06-17 02:59:59.745,20.0,5.2,44,0.0,7.4,16,948.0,0.0,0.0,6,2014,8485,563,2
5.5333,23.3,2014-06-17 03:59:59.740,19.4,6.0,42,0.0,6.1,0,948.2,0.0,0.0,6,2014,8485,563,2
5.5333,23.3,2014-06-17 04:59:59.735,19.1,5.8,40,0.0,5.1,0,948.6,4.0,0.0,6,2014,8485,563,2
5.5333,23.3,2014-06-17 05:59:59.730,21.7,5.8,38,0.0,6.7,37,949.8,128.0,3331.98,6,2014,8485,563,-1
5.5333,23.3,2014-06-17 06:59:59.725,25.2,8.9,27,0.0,4.8,61,951.4,362.0,3600.0,6,2014,8485,563,-1
5.5333,23.3,2014-06-17 07:59:59.720,27.7,12.5,24,0.0,5.3,17,951.8,599.0,3600.0,6,2014,8485,563,-1
5.5333,23.3,2014-06-17 08:59:59.715,30.5,15.3,21,0.0,5.7,0,951.5,794.0,3600.0,6,2014,8485,563,-1
5.5333,23.3,2014-06-17 09:59:59.710,33.0,18.2,17,0.0,4.7,0,950.5,925.0,3600.0,6,2014,8485,563,-1
5.5333,23.3,2014-06-17 10:59:59.705,34.7,18.5,15,0.0,4.2,0,949.2,977.0,3600.0,6,2014,8485,563,-1
5.5333,23.3,2014-06-17 11:59:59.700,35.8,16.9,14,0.0,4.1,0,947.8,948.0,3600.0,6,2014,8485,563,-1
5.5333,23.3,2014-06-17 12:59:59.695,36.3,14.8,13,0.0,3.5,0,946.5,839.0,3600.0,6,2014,8485,563,-1
5.5333,23.3,2014-06-17 13:59:59.690,36.2,12.7,13,0.0,3.4,0,945.9,663.0,3600.0,6,2014,8485,563,-1
5.5333,23.3,2014-06-17 14:59:59.685,35.4,11.2,13,0.0,2.8,0,945.9,436.0,3600.0,6,2014,8485,563,-1
5.5333,23.3,2014-06-17 15:59:59.680,33.5,6.9,16,0.0,4.2,41,946.1,187.0,3600.0,6,2014,8485,563,-1
5.5333,23.3,2014-06-17 16:59:59.675,30.0,3.3,24,0.0,7.2,0,946.6,15.0,0.0,6,2014,8485,563,2
5.5333,23.3,2014-06-17 17:59:59.670,27.5,3.7,30,0.0,8.4,0,947.2,0.0,0.0,6,2014,8485,563,2
5.5333,23.3,2014-06-17 18:59:59.665,25.5,3.9,33,0.0,8.1,0,948.0,0.0,0.0,6,2014,8485,563,2
5.5333,23.3,2014-06-17 19:59:59.660,24.1,3.8,37,0.0,8.5,0,948.3,0.0,0.0,6,2014,8485,563,2
5.5333,23.3,2014-06-17 20:59:59.655,22.9,4.1,38,0.0,7.8,0,948.0,0.0,0.0,6,2014,8485,563,2
5.5333,23.3,2014-06-17 21:59:59.650,21.8,4.0,40,0.0,7.6,0,947.8,0.0,0.0,6,2014,8485,563,2
5.5333,23.3,2014-06-17 22:59:59.645,21.0,4.4,40,0.0,6.8,9,947.3,0.0,0.0,6,2014,8485,563,2
5.5333,23.3,2014-06-17 23:59:59.640,20.7,3.7,40,0.0,6.6,35,947.2,0.0,0.0,6,2014,8485,563,2
5.5333,23.3,2014-06-18 00:59:59.635,20.5,2.3,41,0.0,6.8,12,947.3,0.0,0.0,6,2014,8485,563,2
5.5333,23.3,2014-06-18 01:59:59.630,20.4,1.8,42,0.0,7.0,6,947.7,0.0,0.0,6,2014,8485,563,2
5.5333,23.3,2014-06-18 02:59:59.625,20.1,1.1,41,0.0,6.4,0,948.2,0.0,0.0,6,2014,8485,563,2
5.5333,23.3,2014-06-18 03:59:59.620,19.6,1.1,41,0.0,6.0,34,948.7,0.0,0.0,6,2014,8485,563,2
5.5333,23.3,2014-06-18 04:59:59.615,19.0,3.5,40,0.0,5.1,12,949.2,4.0,0.0,6,2014,8485,563,2
5.5333,23.3,2014-06-18 05:59:59.610,20.8,1.8,42,0.0,7.4,7,950.7,130.0,3325.72,6,2014,8485,563,-1
5.5333,23.3,2014-06-18 06:59:59.605,24.6,6.5,28,0.0,4.9,23,952.3,368.0,3600.0,6,2014,8485,563,-1
5.5333,23.3,2014-06-18 07:59:59.600,26.9,10.6,24,0.0,4.6,8,952.5,604.0,3600.0,6,2014,8485,563,-1
5.5333,23.3,2014-06-18 08:59:59.595,29.3,11.3,21,0.0,4.7,0,952.1,798.0,3600.0,6,2014,8485,563,-1
5.5333,23.3,2014-06-18 09:59:59.590,31.9,11.1,18,0.0,4.6,0,951.4,927.0,3600.0,6,2014,8485,563,-1
5.5333,23.3,2014-06-18 10:59:59.585,33.9,9.4,16,0.0,4.6,0,950.4,978.0,3600.0,6,2014,8485,563,4
5.5333,23.3,2014-06-18 11:59:59.580,35.2,8.5,14,0.0,3.7,0,949.4,952.0,3600.0,6,2014,8485,563,4
5.5333,23.3,2014-06-18 12:59:59.575,35.7,7.7,13,0.0,3.0,0,948.5,858.0,3600.0,6,2014,8485,563,4
5.5333,23.3,2014-06-18 13:59:59.570,35.6,6.6,12,0.0,1.8,0,947.7,696.0,3600.0,6,2014,8485,563,4
5.5333,23.3,2014-06-18 14:59:59.565,34.7,5.5,13,0.0,2.2,0,947.2,477.0,3600.0,6,2014,8485,563,4
5.5333,23.3,2014-06-18 15:59:59.560,32.7,4.2,17,0.0,4.5,0,947.0,226.0,3600.0,6,2014,8485,563,-1
5.5333,23.3,2014-06-18 16:59:59.555,30.1,2.9,22,0.0,6.0,0,947.2,45.0,850.5,6,2014,8485,563,-1
5.5333,23.3,2014-06-18 17:59:59.550,27.6,2.3,27,0.0,6.9,0,947.4,0.0,0.0,6,2014,8485,563,2
5.5333,23.3,2014-06-18 18:59:59.545,25.8,2.1,31,0.0,7.4,0,947.8,0.0,0.0,6,2014,8485,563,2
5.5333,23.3,2014-06-18 19:59:59.540,24.2,1.5,34,0.0,7.4,0,948.2,0.0,0.0,6,2014,8485,563,2
5.5333,23.3,2014-06-18 20:59:59.535,22.7,1.1,38,0.0,7.6,0,948.4,0.0,0.0,6,2014,8485,563,2
5.5333,23.3,2014-06-18 21:59:59.530,21.0,1.6,43,0.0,7.9,1,948.3,0.0,0.0,6,2014,8485,563,2
5.5333,23.3,2014-06-18 22:59:59.525,19.4,2.9,47,0.0,7.8,2,948.0,0.0,0.0,6,2014,8485,563,2
5.5333,23.3,2014-06-18 23:59:59.520,18.2,4.0,50,0.0,7.6,3,947.9,0.0,0.0,6,2014,8485,563,2
5.5333,23.3,2014-06-19 00:59:59.515,17.6,4.3,50,0.0,7.1,21,948.0,0.0,0.0,6,2014,8485,563,2
5.5333,23.3,2014-06-19 01:59:59.510,17.5,4.3,48,0.0,6.3,38,948.2,0.0,0.0,6,2014,8485,563,2
5.5333,23.3,2014-06-19 02:59:59.505,17.6,4.0,46,0.0,5.8,56,948.7,0.0,0.0,6,2014,8485,563,2
5.5333,23.3,2014-06-19 03:59:59.500,17.5,3.6,47,0.0,6.0,38,949.4,0.0,0.0,6,2014,8485,563,2
5.5333,23.3,2014-06-19 04:59:59.495,17.6,2.9,48,0.0,6.4,19,950.4,13.0,118.4,6,2014,8485,563,2
5.5333,23.3,2014-06-19 05:59:59.490,18.9,3.3,46,0.0,7.0,1,951.2,121.0,3320.55,6,2014,8485,563,-1
5.5333,23.3,2014-06-19 06:59:59.485,22.4,6.0,38,0.0,7.3,1,952.0,318.0,3600.0,6,2014,8485,563,-1
5.5333,23.3,2014-06-19 07:59:59.480,27.0,10.2,26,0.0,5.9,1,952.7,550.0,3600.0,6,2014,8485,563,-1
5.5333,23.3,2014-06-19 08:59:59.475,30.9,13.0,17,0.0,3.0,1,952.8,766.0,3600.0,6,2014,8485,563,-1
5.5333,23.3,2014-06-19 09:59:59.470,33.3,12.5,13,0.0,1.1,5,952.1,910.0,3600.0,6,2014,8485,563,-1
5.5333,23.3,2014-06-19 10:59:59.465,34.9,10.2,12,0.0,1.3,8,950.9,971.0,3600.0,6,2014,8485,563,-1
5.5333,23.3,2014-06-19 11:59:59.460,35.8,8.3,12,0.0,1.9,12,949.9,947.0,3600.0,6,2014,8485,563,4
5.5333,23.3,2014-06-19 12:59:59.455,36.1,7.6,11,0.0,1.0,41,949.0,845.0,3600.0,6,2014,8485,563,-1
5.5333,23.3,2014-06-19 13:59:59.450,35.7,7.8,11,0.0,0.7,71,948.1,676.0,3600.0,6,2014,8485,563,-1
5.5333,23.3,2014-06-19 14:59:59.445,34.7,7.2,13,0.0,2.2,100,947.7,454.0,3600.0,6,2014,8485,563,5
5.5333,23.3,2014-06-19 15:59:59.440,32.7,5.4,17,0.0,4.4,100,947.6,211.0,3600.0,6,2014,8485,563,5
5.5333,23.3,2014-06-19 16:59:59.435,30.0,3.4,22,0.0,6.0,100,947.8,41.0,871.12,6,2014,8485,563,-1
5.5333,23.3,2014-06-19 17:59:59.430,27.6,2.3,27,0.0,6.9,100,948.1,0.0,0.0,6,2014,8485,563,-1
5.5333,23.3,2014-06-19 18:59:59.425,25.7,2.4,30,0.0,6.8,100,948.5,0.0,0.0,6,2014,8485,563,-1
5.5333,23.3,2014-06-19 19:59:59.420,24.1,3.3,33,0.0,6.8,100,948.9,0.0,0.0,6,2014,8485,563,3
5.5333,23.3,2014-06-19 20:59:59.415,22.7,4.0,35,0.0,6.4,100,949.2,0.0,0.0,6,2014,8485,563,3
5.5333,23.3,2014-06-19 21:59:59.410,21.5,4.0,37,0.0,6.2,100,949.1,0.0,0.0,6,2014,8485,563,3
5.5333,23.3,2014-06-19 22:59:59.405,20.5,4.0,38,0.0,5.7,100,948.8,0.0,0.0,6,2014,8485,563,3
5.5333,23.3,2014-06-19 23:59:59.400,19.8,4.0,39,0.0,5.4,100,948.7,0.0,0.0,6,2014,8485,563,3
5.5333,23.3,2014-06-20 00:59:59.395,19.4,4.0,39,0.0,5.0,99,948.8,0.0,0.0,6,2014,8485,563,3
5.5333,23.3,2014-06-20 01:59:59.390,19.2,4.3,38,0.0,4.5,98,948.9,0.0,0.0,6,2014,8485,563,3
5.5333,23.3,2014-06-20 02:59:59.385,19.1,4.3,38,0.0,4.5,97,949.3,0.0,0.0,6,2014,8485,563,3
5.5333,23.3,2014-06-20 03:59:59.380,19.2,4.0,39,0.0,4.9,98,949.9,0.0,0.0,6,2014,8485,563,3
5.5333,23.3,2014-06-20 04:59:59.375,19.4,3.3,39,0.0,5.1,99,950.7,12.0,8.3,6,2014,8485,563,3
5.5333,23.3,2014-06-20 05:59:59.370,19.6,2.9,40,0.0,5.6,100,951.2,108.0,3316.51,6,2014,8485,563,3
5.5333,23.3,2014-06-20 06:59:59.365,23.1,3.2,34,0.0,6.4,100,951.7,270.0,3600.0,6,2014,8485,563,-1
5.5333,23.3,2014-06-20 07:59:59.360,27.5,7.6,24,0.0,5.1,100,952.3,497.0,3600.0,6,2014,8485,563,5
5.5333,23.3,2014-06-20 08:59:59.355,31.2,10.6,16,0.0,2.4,100,952.5,719.0,3600.0,6,2014,8485,563,5
5.5333,23.3,2014-06-20 09:59:59.350,33.7,10.7,13,0.0,1.4,100,951.8,870.0,3600.0,6,2014,8485,563,5
5.5333,23.3,2014-06-20 10:59:59.345,35.5,9.2,12,0.0,1.7,100,950.5,939.0,3600.0,6,2014,8485,563,5
5.5333,23.3,2014-06-20 11:59:59.340,36.6,7.9,12,0.0,2.6,100,949.4,928.0,3600.0,6,2014,8485,563,5
5.5333,23.3,2014-06-20 12:59:59.335,37.0,7.1,11,0.0,1.7,100,948.4,843.0,3600.0,6,2014,8485,563,5
5.5333,23.3,2014-06-20 13:59:59.330,36.8,6.3,11,0.0,1.5,100,947.5,686.0,3600.0,6,2014,8485,563,5
5.5333,23.3,2014-06-20 14:59:59.325,35.8,5.2,12,0.0,1.9,100,946.8,469.0,3600.0,6,2014,8485,563,5
5.5333,23.3,2014-06-20 15:59:59.320,33.8,4.3,16,0.0,4.4,69,946.8,222.0,3600.0,6,2014,8485,563,-1
5.5333,23.3,2014-06-20 16:59:59.315,31.1,3.3,20,0.0,5.5,38,947.0,44.0,890.85,6,2014,8485,563,-1
5.5333,23.3,2014-06-20 17:59:59.310,28.6,2.6,25,0.0,6.7,7,947.3,0.0,0.0,6,2014,8485,563,2
5.5333,23.3,2014-06-20 18:59:59.305,26.9,2.4,29,0.0,7.3,38,947.6,0.0,0.0,6,2014,8485,563,2
5.5333,23.3,2014-06-20 19:59:59.300,25.4,2.7,32,0.0,7.5,69,947.9,0.0,0.0,6,2014,8485,563,3
5.5333,23.3,2014-06-20 20:59:59.295,24.0,2.6,34,0.0,7.2,100,948.1,0.0,0.0,6,2014,8485,563,3
5.5333,23.3,2014-06-20 21:59:59.290,22.7,2.9,35,0.0,6.5,70,948.0,0.0,0.0,6,2014,8485,563,2
5.5333,23.3,2014-06-20 22:59:59.285,21.5,3.3,36,0.0,5.8,40,947.9,0.0,0.0,6,2014,8485,563,2
5.5333,23.3,2014-06-20 23:59:59.280,20.5,3.8,37,0.0,5.3,10,947.9,0.0,0.0,6,2014,8485,563,2
5.5333,23.3,2014-06-21 00:59:59.275,19.6,3.6,38,0.0,4.9,7,948.2,0.0,0.0,6,2014,8485,563,2
5.5333,23.3,2014-06-21 01:59:59.270,18.9,3.9,40,0.0,5.0,5,948.6,0.0,0.0,6,2014,8485,563,2
5.5333,23.3,2014-06-21 02:59:59.265,18.4,4.4,41,0.0,4.9,2,949.1,0.0,0.0,6,2014,8485,563,2
5.5333,23.3,2014-06-21 03:59:59.260,17.8,4.1,43,0.0,5.0,2,949.7,0.0,0.0,6,2014,8485,563,2
5.5333,23.3,2014-06-21 04:59:59.255,17.3,3.3,45,0.0,5.3,1,950.4,13.0,122.57,6,2014,8485,563,2
5.5333,23.3,2014-06-21 05:59:59.250,18.3,3.0,44,0.0,5.8,1,951.1,119.0,3313.53,6,2014,8485,563,-1
5.5333,23.3,2014-06-21 06:59:59.245,21.8,6.1,36,0.0,6.1,1,951.9,314.0,3600.0,6,2014,8485,563,-1
5.5333,23.3,2014-06-21 07:59:59.240,26.8,11.2,24,0.0,4.5,0,952.7,548.0,3600.0,6,2014,8485,563,-1
5.5333,23.3,2014-06-21 08:59:59.235,30.9,14.8,15,0.0,1.3,0,953.0,768.0,3600.0,6,2014,8485,563,-1
5.5333,23.3,2014-06-21 09:59:59.230,33.6,14.0,12,0.0,0.2,0,952.2,916.0,3600.0,6,2014,8485,563,-1
5.5333,23.3,2014-06-21 10:59:59.225,35.4,11.2,11,0.0,0.5,0,950.8,982.0,3600.0,6,2014,8485,563,-1
5.5333,23.3,2014-06-21 11:59:59.220,36.5,8.4,11,0.0,1.3,0,949.5,965.0,3600.0,6,2014,8485,563,4
5.5333,23.3,2014-06-21 12:59:59.215,36.9,6.8,11,0.0,1.6,0,948.5,873.0,3600.0,6,2014,8485,563,4
5.5333,23.3,2014-06-21 13:59:59.210,36.5,6.0,11,0.0,1.3,0,947.5,708.0,3600.0,6,2014,8485,563,4
5.5333,23.3,2014-06-21 14:59:59.205,35.5,5.4,12,0.0,1.7,0,947.0,485.0,3600.0,6,2014,8485,563,4
5.5333,23.3,2014-06-21 15:59:59.200,33.3,4.7,16,0.0,4.1,0,946.8,231.0,3600.0,6,2014,8485,563,-1
5.5333,23.3,2014-06-21 16:59:59.195,30.5,3.6,21,0.0,5.7,0,946.9,47.0,909.92,6,2014,8485,563,-1
5.5333,23.3,2014-06-21 17:59:59.190,28.0,2.9,25,0.0,6.1,0,947.1,0.0,0.0,6,2014,8485,563,2
5.5333,23.3,2014-06-21 18:59:59.185,26.4,2.6,28,0.0,6.4,0,947.5,0.0,0.0,6,2014,8485,563,2
5.5333,23.3,2014-06-21 19:59:59.180,25.2,2.3,30,0.0,6.4,0,948.0,0.0,0.0,6,2014,8485,563,2
5.5333,23.3,2014-06-21 20:59:59.175,23.9,2.3,32,0.0,6.2,0,948.3,0.0,0.0,6,2014,8485,563,2
5.5333,23.3,2014-06-21 21:59:59.170,22.3,2.9,34,0.0,5.7,0,948.3,0.0,0.0,6,2014,8485,563,2
5.5333,23.3,2014-06-21 22:59:59.165,20.7,4.4,36,0.0,5.1,0,947.9,0.0,0.0,6,2014,8485,563,2
10.5167,26.5833,2014-06-15 00:00:00.000,23.1,11.3,27,0.0,3.1,0,961.6,0.0,0.0,6,2014,3217,433,-1
10.5167,26.5833,2014-06-15 01:00:00.000,22.5,11.5,28,0.0,3.1,0,961.5,0.0,0.0,6,2014,3217,433,-1
10.5167,26.5833,2014-06-15 01:59:59.990,21.9,11.7,29,0.0,3.1,0,961.5,0.0,0.0,6,2014,3217,433,-1
10.5167,26.5833,2014-06-15 02:59:59.985,21.3,12.3,30,0.0,3.0,0,961.9,0.0,0.0,6,2014,3217,433,-1
10.5167,26.5833,2014-06-15 03:59:59.980,20.7,12.7,30,0.0,2.5,0,962.1,0.0,0.0,6,2014,3217,433,-1
10.5167,26.5833,2014-06-15 04:59:59.975,20.3,12.7,30,0.0,2.2,0,962.6,8.0,0.0,6,2014,3217,433,-1
10.5167,26.5833,2014-06-15 05:59:59.970,22.0,14.5,28,0.0,2.6,0,963.7,148.0,3600.0,6,2014,3217,433,-1
10.5167,26.5833,2014-06-15 06:59:59.965,25.1,19.4,22,0.0,1.9,0,964.9,384.0,3600.0,6,2014,3217,433,-1
10.5167,26.5833,2014-06-15 07:59:59.960,28.1,20.6,18,0.0,1.6,0,965.5,610.0,3600.0,6,2014,3217,433,-1
10.5167,26.5833,2014-06-15 08:59:59.955,30.9,21.3,16,0.0,2.2,0,965.0,786.0,3600.0,6,2014,3217,433,-1
10.5167,26.5833,2014-06-15 09:59:59.950,33.2,22.6,13,0.0,1.1,0,964.3,897.0,3600.0,6,2014,3217,433,-1
10.5167,26.5833,2014-06-15 10:59:59.945,34.8,21.7,12,0.0,1.2,0,963.4,930.0,3600.0,6,2014,3217,433,-1
10.5167,26.5833,2014-06-15 11:59:59.940,35.8,20.0,11,0.0,0.8,0,962.3,883.0,3600.0,6,2014,3217,433,-1
10.5167,26.5833,2014-06-15 12:59:59.935,36.2,18.9,10,0.0,-0.2,0,961.7,760.0,3600.0,6,2014,3217,433,-1
10.5167,26.5833,2014-06-15 13:59:59.930,35.9,18.4,10,0.0,-0.4,0,961.2,572.0,3600.0,6,2014,3217,433,2
10.5167,26.5833,2014-06-15 14:59:59.925,35.1,17.6,10,0.0,-1.0,0,961.6,339.0,3600.0,6,2014,3217,433,2
10.5167,26.5833,2014-06-15 15:59:59.920,32.9,11.6,12,0.0,-0.3,0,961.9,103.0,3121.91,6,2014,3217,433,-1
10.5167,26.5833,2014-06-15 16:59:59.915,29.6,9.6,16,0.0,1.1,0,962.2,1.0,0.0,6,2014,3217,433,-1
10.5167,26.5833,2014-06-15 17:59:59.910,27.6,9.6,18,0.0,1.2,0,962.6,0.0,0.0,6,2014,3217,433,-1
10.5167,26.5833,2014-06-15 18:59:59.905,26.2,10.4,19,0.0,0.8,0,962.9,0.0,0.0,6,2014,3217,433,-1
10.5167,26.5833,2014-06-15 19:59:59.900,25.2,11.2,21,0.0,1.4,0,963.2,0.0,0.0,6,2014,3217,433,-1
10.5167,26.5833,2014-06-15 20:59:59.895,24.7,13.1,22,0.0,1.6,0,963.2,0.0,0.0,6,2014,3217,433,-1
10.5167,26.5833,2014-06-15 21:59:59.890,24.1,14.7,23,0.0,1.7,0,963.4,0.0,0.0,6,2014,3217,433,1
10.5167,26.5833,2014-06-15 22:59:59.885,23.5,15.7,23,0.0,1.2,0,963.3,0.0,0.0,6,2014,3217,433,1
10.5167,26.5833,2014-06-15 23:59:59.880,23.0,15.9,24,0.0,1.3,0,963.2,0.0,0.0,6,2014,3217,433,1
10.5167,26.5833,2014-06-16 00:59:59.875,22.3,15.8,24,0.0,0.7,0,963.0,0.0,0.0,6,2014,3217,433,1
10.5167,26.5833,2014-06-16 01:59:59.870,21.6,15.7,24,0.0,0.2,0,963.2,0.0,0.0,6,2014,3217,433,1
10.5167,26.5833,2014-06-16 02:59:59.865,21.0,15.6,25,0.0,0.3,0,963.7,0.0,0.0,6,2014,3217,433,1
10.5167,26.5833,2014-06-16 03:59:59.860,20.4,15.6,25,0.0,-0.3,0,964.3,0.0,0.0,6,2014,3217,433,1
10.5167,26.5833,2014-06-16 04:59:59.855,20.0,15.6,25,0.0,-0.6,0,964.3,8.0,0.0,6,2014,3217,433,-1
10.5167,26.5833,2014-06-16 05:59:59.850,21.4,17.3,23,0.0,-0.6,0,965.3,148.0,3600.0,6,2014,3217,433,-1
10.5167,26.5833,2014-06-16 06:59:59.845,24.2,20.4,19,0.0,-0.9,0,966.1,384.0,3600.0,6,2014,3217,433,-1
10.5167,26.5833,2014-06-16 07:59:59.840,27.0,25.0,16,0.0,-0.9,0,966.3,610.0,3600.0,6,2014,3217,433,-1
10.5167,26.5833,2014-06-16 08:59:59.835,29.6,25.9,14,0.0,-0.7,0,965.6,786.0,3600.0,6,2014,3217,433,-1
10.5167,26.5833,2014-06-16 09:59:59.830,31.6,26.0,12,0.0,-1.2,0,964.8,895.0,3600.0,6,2014,3217,433,-1
10.5167,26.5833,2014-06-16 10:59:59.825,33.1,24.3,11,0.0,-1.3,0,963.9,928.0,3600.0,6,2014,3217,433,3
10.5167,26.5833,2014-06-16 11:59:59.820,34.1,23.5,10,0.0,-1.8,0,962.9,882.0,3600.0,6,2014,3217,433,3
10.5167,26.5833,2014-06-16 12:59:59.815,34.5,23.1,10,0.0,-1.5,0,962.0,759.0,3600.0,6,2014,3217,433,3
10.5167,26.5833,2014-06-16 13:59:59.810,34.3,23.0,10,0.0,-1.6,0,961.7,573.0,3600.0,6,2014,3217,433,3
10.5167,26.5833,2014-06-16 14:59:59.805,33.4,21.7,11,0.0,-1.1,0,961.6,340.0,3600.0,6,2014,3217,433,3
10.5167,26.5833,2014-06-16 15:59:59.800,31.5,15.8,12,0.0,-1.3,0,961.6,105.0,3150.91,6,2014,3217,433,-1
10.5167,26.5833,2014-06-16 16:59:59.795,28.6,12.0,16,0.0,0.4,0,961.9,1.0,0.0,6,2014,3217,433,-1
10.5167,26.5833,2014-06-16 17:59:59.790,26.8,12.6,18,0.0,0.5,0,962.3,0.0,0.0,6,2014,3217,433,-1
10.5167,26.5833,2014-06-16 18:59:59.785,25.7,14.5,19,0.0,0.4,0,962.8,0.0,0.0,6,2014,3217,433,1
10.5167,26.5833,2014-06-16 19:59:59.780,24.9,15.6,20,0.0,0.4,0,963.1,0.0,0.0,6,2014,3217,433,1
10.5167,26.5833,2014-06-16 20:59:59.775,24.2,15.9,22,0.0,1.1,0,963.3,0.0,0.0,6,2014,3217,433,1
10.5167,26.5833,2014-06-16 21:59:59.770,23.4,16.2,23,0.0,1.1,0,963.0,0.0,0.0,6,2014,3217,433,1
10.5167,26.5833,2014-06-16 22:59:59.765,22.7,15.6,24,0.0,1.1,0,962.9,0.0,0.0,6,2014,3217,433,1
10.5167,26.5833,2014-06-16 23:59:59.760,21.9,14.8,25,0.0,1.0,0,962.6,0.0,0.0,6,2014,3217,433,1
10.5167,26.5833,2014-06-17 00:59:59.755,21.2,14.7,26,0.0,1.0,0,962.6,0.0,0.0,6,2014,3217,433,1
10.5167,26.5833,2014-06-17 01:59:59.750,20.7,15.1,28,0.0,1.6,0,962.9,0.0,0.0,6,2014,3217,433,1
10.5167,26.5833,2014-06-17 02:59:59.745,20.2,14.8,29,0.0,1.6,0,963.5,0.0,0.0,6,2014,3217,433,1
10.5167,26.5833,2014-06-17 03:59:59.740,19.7,14.4,31,0.0,2.1,0,964.1,0.0,0.0,6,2014,3217,433,1
10.5167,26.5833,2014-06-17 04:59:59.735,19.3,14.8,32,0.0,2.2,0,964.7,8.0,0.0,6,2014,3217,433,-1
10.5167,26.5833,2014-06-17 05:59:59.730,20.8,17.0,30,0.0,2.6,0,965.6,149.0,3600.0,6,2014,3217,433,-1
10.5167,26.5833,2014-06-17 06:59:59.725,23.5,23.0,24,0.0,1.8,0,966.5,386.0,3600.0,6,2014,3217,433,-1
10.5167,26.5833,2014-06-17 07:59:59.720,26.1,27.9,20,0.0,1.4,0,966.5,612.0,3600.0,6,2014,3217,433,-1
10.5167,26.5833,2014-06-17 08:59:59.715,28.3,29.2,17,0.0,1.0,0,966.2,790.0,3600.0,6,2014,3217,433,-1
10.5167,26.5833,2014-06-17 09:59:59.710,30.0,29.2,15,0.0,0.6,0,965.1,900.0,3600.0,6,2014,3217,433,-1
10.5167,26.5833,2014-06-17 10:59:59.705,31.4,27.1,13,0.0,-0.3,0,964.2,932.0,3600.0,6,2014,3217,433,-1
10.5167,26.5833,2014-06-17 11:59:59.700,32.2,25.2,12,0.0,-0.8,0,963.1,886.0,3600.0,6,2014,3217,433,3
10.5167,26.5833,2014-06-17 12:59:59.695,32.5,24.3,12,0.0,-0.5,0,962.2,763.0,3600.0,6,2014,3217,433,3
10.5167,26.5833,2014-06-17 13:59:59.690,32.3,23.7,12,0.0,-0.7,0,961.8,577.0,3600.0,6,2014,3217,433,3
10.5167,26.5833,2014-06-17 14:59:59.685,31.4,22.0,13,0.0,-0.3,0,962.0,344.0,3600.0,6,2014,3217,433,3
10.5167,26.5833,2014-06-17 15:59:59.680,29.5,16.5,14,0.0,-0.8,0,962.3,107.0,3179.2,6,2014,3217,433,2
10.5167,26.5833,2014-06-17 16:59:59.675,26.9,12.8,17,0.0,-0.2,0,962.5,1.0,0.0,6,2014,3217,433,-1
10.5167,26.5833,2014-06-17 17:59:59.670,25.1,13.1,19,0.0,-0.1,0,962.9,0.0,0.0,6,2014,3217,433,-1
10.5167,26.5833,2014-06-17 18:59:59.665,24.0,13.9,21,0.0,0.3,0,963.5,0.0,0.0,6,2014,3217,433,1
10.5167,26.5833,2014-06-17 19:59:59.660,23.0,14.3,22,0.0,0.2,0,963.9,0.0,0.0,6,2014,3217,433,1
10.5167,26.5833,2014-06-17 20:59:59.655,22.2,14.2,24,0.0,0.7,0,963.8,0.0,0.0,6,2014,3217,433,1
10.5167,26.5833,2014-06-17 21:59:59.650,21.4,15.1,26,0.0,1.1,0,963.6,0.0,0.0,6,2014,3217,433,1
10.5167,26.5833,2014-06-17 22:59:59.645,20.7,15.7,28,0.0,1.5,0,963.3,0.0,0.0,6,2014,3217,433,1
10.5167,26.5833,2014-06-17 23:59:59.640,20.0,16.5,30,0.0,1.9,0,963.0,0.0,0.0,6,2014,3217,433,1
10.5167,26.5833,2014-06-18 00:59:59.635,19.3,15.7,32,0.0,2.2,0,963.0,0.0,0.0,6,2014,3217,433,1
10.5167,26.5833,2014-06-18 01:59:59.630,18.7,15.7,34,0.0,2.6,0,963.3,0.0,0.0,6,2014,3217,433,1
10.5167,26.5833,2014-06-18 02:59:59.625,18.0,14.8,36,0.0,2.7,0,963.9,0.0,0.0,6,2014,3217,433,-1
10.5167,26.5833,2014-06-18 03:59:59.620,17.4,13.8,37,0.0,2.6,0,964.5,0.0,0.0,6,2014,3217,433,-1
10.5167,26.5833,2014-06-18 04:59:59.615,16.8,13.7,38,0.0,2.4,0,965.2,8.0,0.0,6,2014,3217,433,-1
10.5167,26.5833,2014-06-18 05:59:59.610,18.3,18.8,33,0.0,1.7,0,966.2,150.0,3600.0,6,2014,3217,433,-1
10.5167,26.5833,2014-06-18 06:59:59.605,20.7,24.5,26,0.0,0.5,0,967.0,389.0,3600.0,6,2014,3217,433,-1
10.5167,26.5833,2014-06-18 07:59:59.600,23.2,25.9,22,0.0,0.3,0,967.0,616.0,3600.0,6,2014,3217,433,-1
10.5167,26.5833,2014-06-18 08:59:59.595,25.5,25.5,19,0.0,0.2,0,966.5,797.0,3600.0,6,2014,3217,433,-1
10.5167,26.5833,2014-06-18 09:59:59.590,27.4,23.4,16,0.0,-0.6,0,965.6,909.0,3600.0,6,2014,3217,433,3
10.5167,26.5833,2014-06-18 10:59:59.585,29.0,20.8,14,0.0,-1.2,0,964.9,944.0,3600.0,6,2014,3217,433,-1
10.5167,26.5833,2014-06-18 11:59:59.580,30.1,18.5,13,0.0,-1.3,0,963.8,899.0,3600.0,6,2014,3217,433,2
10.5167,26.5833,2014-06-18 12:59:59.575,30.7,17.4,12,0.0,-2.0,0,963.1,788.0,3600.0,6,2014,3217,433,2
10.5167,26.5833,2014-06-18 13:59:59.570,30.6,16.4,11,0.0,-3.2,0,962.6,615.0,3600.0,6,2014,3217,433,2
10.5167,26.5833,2014-06-18 14:59:59.565,29.9,15.5,12,0.0,-2.5,0,962.4,390.0,3600.0,6,2014,3217,433,2
10.5167,26.5833,2014-06-18 15:59:59.560,28.1,13.5,14,0.0,-1.9,0,962.6,145.0,3206.71,6,2014,3217,433,-1
10.5167,26.5833,2014-06-18 16:59:59.555,25.5,11.1,18,0.0,-0.6,0,963.0,12.0,243.33,6,2014,3217,433,-1
10.5167,26.5833,2014-06-18 17:59:59.550,23.3,9.5,21,0.0,-0.2,0,963.4,0.0,0.0,6,2014,3217,433,-1
10.5167,26.5833,2014-06-18 18:59:59.545,22.1,9.5,23,0.0,0.0,0,963.7,0.0,0.0,6,2014,3217,433,-1
10.5167,26.5833,2014-06-18 19:59:59.540,21.2,10.6,25,0.0,0.4,0,963.9,0.0,0.0,6,2014,3217,433,0
10.5167,26.5833,2014-06-18 20:59:59.535,20.4,11.7,26,0.0,0.3,0,964.0,0.0,0.0,6,2014,3217,433,0
10.5167,26.5833,2014-06-18 21:59:59.530,19.7,12.4,27,0.0,0.2,0,963.8,0.0,0.0,6,2014,3217,433,0
10.5167,26.5833,2014-06-18 22:59:59.525,19.0,13.4,28,0.0,0.1,0,963.4,0.0,0.0,6,2014,3217,433,0
10.5167,26.5833,2014-06-18 23:59:59.520,18.4,14.2,29,0.0,0.1,0,963.2,0.0,0.0,6,2014,3217,433,-1
10.5167,26.5833,2014-06-19 00:59:59.515,17.7,14.6,31,0.0,0.4,0,963.2,0.0,0.0,6,2014,3217,433,-1
10.5167,26.5833,2014-06-19 01:59:59.510,17.1,14.6,33,0.0,0.7,0,963.4,0.0,0.0,6,2014,3217,433,1
10.5167,26.5833,2014-06-19 02:59:59.505,16.7,14.7,34,0.0,0.8,0,963.9,0.0,0.0,6,2014,3217,433,-1
10.5167,26.5833,2014-06-19 03:59:59.500,16.4,14.1,35,0.0,0.9,0,964.8,0.0,0.0,6,2014,3217,433,-1
10.5167,26.5833,2014-06-19 04:59:59.495,16.4,13.5,36,0.0,1.3,0,965.9,21.0,71.3,6,2014,3217,433,-1
10.5167,26.5833,2014-06-19 05:59:59.490,17.2,13.7,35,0.0,1.6,0,966.8,137.0,3600.0,6,2014,3217,433,-1
10.5167,26.5833,2014-06-19 06:59:59.485,19.6,16.1,31,0.0,2.0,0,967.3,329.0,3600.0,6,2014,3217,433,-1
10.5167,26.5833,2014-06-19 07:59:59.480,22.8,20.0,26,0.0,2.3,0,967.5,559.0,3600.0,6,2014,3217,433,-1
10.5167,26.5833,2014-06-19 08:59:59.475,25.7,21.9,21,0.0,1.8,0,967.4,768.0,3600.0,6,2014,3217,433,-1
10.5167,26.5833,2014-06-19 09:59:59.470,27.9,20.9,18,0.0,1.4,0,966.6,899.0,3600.0,6,2014,3217,433,-1
10.5167,26.5833,2014-06-19 10:59:59.465,29.6,18.7,16,0.0,1.2,0,965.4,944.0,3600.0,6,2014,3217,433,2
10.5167,26.5833,2014-06-19 11:59:59.460,30.8,16.6,14,0.0,0.3,0,964.5,907.0,3600.0,6,2014,3217,433,2
10.5167,26.5833,2014-06-19 12:59:59.455,31.4,16.2,13,0.0,-0.3,0,963.8,798.0,3600.0,6,2014,3217,433,2
10.5167,26.5833,2014-06-19 13:59:59.450,31.4,16.1,12,0.0,-1.4,0,963.3,622.0,3600.0,6,2014,3217,433,2
10.5167,26.5833,2014-06-19 14:59:59.445,30.6,15.6,13,0.0,-1.0,0,963.0,393.0,3600.0,6,2014,3217,433,2
10.5167,26.5833,2014-06-19 15:59:59.440,28.6,13.7,15,0.0,-0.6,1,963.1,147.0,3233.38,6,2014,3217,433,-1
10.5167,26.5833,2014-06-19 16:59:59.435,25.8,10.9,19,0.0,0.5,2,963.4,12.0,220.89,6,2014,3217,433,-1
10.5167,26.5833,2014-06-19 17:59:59.430,23.5,9.1,22,0.0,0.6,3,963.8,0.0,0.0,6,2014,3217,433,-1
10.5167,26.5833,2014-06-19 18:59:59.425,22.1,8.7,24,0.0,0.6,2,964.2,0.0,0.0,6,2014,3217,433,-1
10.5167,26.5833,2014-06-19 19:59:59.420,21.2,9.5,26,0.0,0.9,1,964.6,0.0,0.0,6,2014,3217,433,-1
10.5167,26.5833,2014-06-19 20:59:59.415,20.3,10.2,28,0.0,1.2,0,964.7,0.0,0.0,6,2014,3217,433,-1
10.5167,26.5833,2014-06-19 21:59:59.410,19.6,10.7,29,0.0,1.1,0,964.6,0.0,0.0,6,2014,3217,433,-1
10.5167,26.5833,2014-06-19 22:59:59.405,19.0,11.3,29,0.0,0.6,0,964.3,0.0,0.0,6,2014,3217,433,0
10.5167,26.5833,2014-06-19 23:59:59.400,18.4,11.7,30,0.0,0.5,0,964.1,0.0,0.0,6,2014,3217,433,0
10.5167,26.5833,2014-06-20 00:59:59.395,17.7,12.1,31,0.0,0.4,0,964.1,0.0,0.0,6,2014,3217,433,0
10.5167,26.5833,2014-06-20 01:59:59.390,17.0,12.8,31,0.0,-0.3,0,964.2,0.0,0.0,6,2014,3217,433,0
10.5167,26.5833,2014-06-20 02:59:59.385,16.6,13.1,32,0.0,-0.2,0,964.5,0.0,0.0,6,2014,3217,433,-1
10.5167,26.5833,2014-06-20 03:59:59.380,16.7,13.1,32,0.0,0.0,0,965.1,0.0,0.0,6,2014,3217,433,-1
10.5167,26.5833,2014-06-20 04:59:59.375,17.2,13.1,32,0.0,0.4,0,965.8,23.0,83.84,6,2014,3217,433,-1
10.5167,26.5833,2014-06-20 05:59:59.370,17.5,13.1,32,0.0,0.7,0,966.4,139.0,3600.0,6,2014,3217,433,-1
10.5167,26.5833,2014-06-20 06:59:59.365,20.0,16.5,31,0.0,2.4,28,967.1,335.0,3600.0,6,2014,3217,433,-1
10.5167,26.5833,2014-06-20 07:59:59.360,23.5,21.3,24,0.0,1.8,52,967.4,566.0,3600.0,6,2014,3217,433,-1
10.5167,26.5833,2014-06-20 08:59:59.355,26.4,24.5,19,0.0,1.0,77,967.4,777.0,3600.0,6,2014,3217,433,-1
10.5167,26.5833,2014-06-20 09:59:59.350,28.5,24.3,16,0.0,0.2,58,966.7,906.0,3600.0,6,2014,3217,433,-1
10.5167,26.5833,2014-06-20 10:59:59.345,30.1,22.9,15,0.0,0.6,39,965.5,950.0,3600.0,6,2014,3217,433,-1
10.5167,26.5833,2014-06-20 11:59:59.340,31.1,21.3,14,0.0,0.5,20,964.4,912.0,3600.0,6,2014,3217,433,-1
10.5167,26.5833,2014-06-20 12:59:59.335,31.6,20.9,13,0.0,-0.2,13,963.6,802.0,3600.0,6,2014,3217,433,-1
10.5167,26.5833,2014-06-20 13:59:59.330,31.5,20.6,12,0.0,-1.3,7,963.1,627.0,3600.0,6,2014,3217,433,-1
10.5167,26.5833,2014-06-20 14:59:59.325,30.7,19.6,12,0.0,-1.9,0,962.8,397.0,3600.0,6,2014,3217,433,-1
10.5167,26.5833,2014-06-20 15:59:59.320,28.7,16.8,14,0.0,-1.4,0,962.8,149.0,3259.24,6,2014,3217,433,2
10.5167,26.5833,2014-06-20 16:59:59.315,25.9,13.4,18,0.0,-0.2,0,963.3,13.0,246.28,6,2014,3217,433,-1
10.5167,26.5833,2014-06-20 17:59:59.310,23.6,10.7,21,0.0,0.0,0,963.6,0.0,0.0,6,2014,3217,433,-1
10.5167,26.5833,2014-06-20 18:59:59.305,22.2,10.3,23,0.0,0.1,0,963.8,0.0,0.0,6,2014,3217,433,-1
10.5167,26.5833,2014-06-20 19:59:59.300,21.3,10.7,24,0.0,-0.1,0,964.0,0.0,0.0,6,2014,3217,433,0
10.5167,26.5833,2014-06-20 20:59:59.295,20.5,11.5,26,0.0,0.3,0,964.2,0.0,0.0,6,2014,3217,433,0
10.5167,26.5833,2014-06-20 21:59:59.290,19.7,12.0,28,0.0,0.7,0,964.0,0.0,0.0,6,2014,3217,433,0
10.5167,26.5833,2014-06-20 22:59:59.285,19.1,12.8,29,0.0,0.6,0,963.7,0.0,0.0,6,2014,3217,433,0
10.5167,26.5833,2014-06-20 23:59:59.280,18.4,13.2,31,0.0,1.0,0,963.5,0.0,0.0,6,2014,3217,433,-1
10.5167,26.5833,2014-06-21 00:59:59.275,17.7,12.9,33,0.0,1.2,0,963.5,0.0,0.0,6,2014,3217,433,-1
10.5167,26.5833,2014-06-21 01:59:59.270,17.0,12.5,34,0.0,1.0,0,963.6,0.0,0.0,6,2014,3217,433,0
10.5167,26.5833,2014-06-21 02:59:59.265,16.6,12.5,35,0.0,1.1,0,964.0,0.0,0.0,6,2014,3217,433,0
10.5167,26.5833,2014-06-21 03:59:59.260,16.4,12.8,36,0.0,1.3,0,964.8,0.0,0.0,6,2014,3217,433,-1
10.5167,26.5833,2014-06-21 04:59:59.255,16.5,13.3,35,0.0,1.0,0,965.6,21.0,74.61,6,2014,3217,433,-1
10.5167,26.5833,2014-06-21 05:59:59.250,17.5,14.4,34,0.0,1.5,0,966.4,137.0,3600.0,6,2014,3217,433,-1
10.5167,26.5833,2014-06-21 06:59:59.245,20.2,17.5,30,0.0,2.1,0,966.9,331.0,3600.0,6,2014,3217,433,-1
10.5167,26.5833,2014-06-21 07:59:59.240,23.7,21.6,25,0.0,2.5,0,967.4,564.0,3600.0,6,2014,3217,433,-1
10.5167,26.5833,2014-06-21 08:59:59.235,26.8,24.2,20,0.0,2.0,0,967.3,776.0,3600.0,6,2014,3217,433,-1
10.5167,26.5833,2014-06-21 09:59:59.230,29.0,23.2,17,0.0,1.5,0,966.5,909.0,3600.0,6,2014,3217,433,-1
10.5167,26.5833,2014-06-21 10:59:59.225,30.6,20.6,15,0.0,1.1,0,965.2,955.0,3600.0,6,2014,3217,433,-1
10.5167,26.5833,2014-06-21 11:59:59.220,31.7,18.3,14,0.0,0.9,0,964.0,918.0,3600.0,6,2014,3217,433,2
10.5167,26.5833,2014-06-21 12:59:59.215,32.2,17.3,13,0.0,0.3,0,963.3,807.0,3600.0,6,2014,3217,433,2
10.5167,26.5833,2014-06-21 13:59:59.210,32.2,16.7,12,0.0,-0.8,0,962.6,631.0,3600.0,6,2014,3217,433,2
10.5167,26.5833,2014-06-21 14:59:59.205,31.4,15.8,13,0.0,-0.3,0,962.3,401.0,3600.0,6,2014,3217,433,2
10.5167,26.5833,2014-06-21 15:59:59.200,29.3,13.5,15,0.0,0.0,0,962.4,152.0,3284.6,6,2014,3217,433,-1
10.5167,26.5833,2014-06-21 16:59:59.195,26.5,10.8,19,0.0,1.0,0,962.7,13.0,222.69,6,2014,3217,433,-1
10.5167,26.5833,2014-06-21 17:59:59.190,24.0,8.9,22,0.0,1.0,0,963.1,0.0,0.0,6,2014,3217,433,-1
10.5167,26.5833,2014-06-21 18:59:59.185,22.5,8.9,24,0.0,1.0,0,963.4,0.0,0.0,6,2014,3217,433,-1
10.5167,26.5833,2014-06-21 19:59:59.180,21.5,10.0,25,0.0,0.6,0,963.8,0.0,0.0,6,2014,3217,433,-1
10.5167,26.5833,2014-06-21 20:59:59.175,20.6,11.1,26,0.0,0.5,0,964.0,0.0,0.0,6,2014,3217,433,0
10.5167,26.5833,2014-06-21 21:59:59.170,19.9,11.9,27,0.0,0.4,0,963.9,0.0,0.0,6,2014,3217,433,0
10.5167,26.5833,2014-06-21 22:59:59.165,19.4,12.8,29,0.0,0.9,0,963.7,0.0,0.0,6,2014,3217,433,0
16.0,20.6667,2014-06-15 00:00:00.000,22.5,12.4,22,0.0,-0.3,0,961.8,0.0,0.0,6,2014,1233,450,-1
16.0,20.6667,2014-06-15 01:00:00.000,21.6,13.4,24,0.0,0.2,0,961.3,0.0,0.0,6,2014,1233,450,-1
16.0,20.6667,2014-06-15 01:59:59.990,20.9,14.8,25,0.0,0.2,0,961.2,0.0,0.0,6,2014,1233,450,-1
16.0,20.6667,2014-06-15 02:59:59.985,20.4,15.9,26,0.0,0.3,0,961.5,0.0,0.0,6,2014,1233,450,-1
16.0,20.6667,2014-06-15 03:59:59.980,19.9,15.6,27,0.0,0.4,0,961.6,0.0,0.0,6,2014,1233,450,-1
16.0,20.6667,2014-06-15 04:59:59.975,19.6,15.9,28,0.0,0.6,0,961.9,0.0,0.0,6,2014,1233,450,0
16.0,20.6667,2014-06-15 05:59:59.970,19.7,16.6,27,0.0,0.2,0,962.9,50.0,1499.12,6,2014,1233,450,-1
16.0,20.6667,2014-06-15 06:59:59.965,21.3,16.4,25,0.0,0.5,0,964.1,257.0,3600.0,6,2014,1233,450,-1
16.0,20.6667,2014-06-15 07:59:59.960,23.8,18.6,21,0.0,0.2,0,965.7,490.0,3600.0,6,2014,1233,450,-1
16.0,20.6667,2014-06-15 08:59:59.955,26.2,23.0,18,0.0,0.0,0,965.6,686.0,3600.0,6,2014,1233,450,2
16.0,20.6667,2014-06-15 09:59:59.950,28.1,24.8,17,0.0,0.7,0,965.0,821.0,3600.0,6,2014,1233,450,2
16.0,20.6667,2014-06-15 10:59:59.945,29.7,25.4,15,0.0,0.3,0,964.2,884.0,3600.0,6,2014,1233,450,2
16.0,20.6667,2014-06-15 11:59:59.940,30.9,25.6,14,0.0,0.3,0,963.6,867.0,3600.0,6,2014,1233,450,2
16.0,20.6667,2014-06-15 12:59:59.935,31.6,25.3,13,0.0,-0.1,0,962.9,774.0,3600.0,6,2014,1233,450,2
16.0,20.6667,2014-06-15 13:59:59.930,31.9,24.7,13,0.0,0.1,0,962.5,611.0,3600.0,6,2014,1233,450,2
16.0,20.6667,2014-06-15 14:59:59.925,31.8,23.5,13,0.0,0.0,0,962.6,396.0,3600.0,6,2014,1233,450,2
16.0,20.6667,2014-06-15 15:59:59.920,31.2,20.2,13,0.0,-0.4,0,962.9,159.0,3600.0,6,2014,1233,450,2
16.0,20.6667,2014-06-15 16:59:59.915,29.4,13.8,14,0.0,-0.8,0,963.0,9.0,0.0,6,2014,1233,450,-1
16.0,20.6667,2014-06-15 17:59:59.910,27.6,13.9,17,0.0,0.4,0,963.4,0.0,0.0,6,2014,1233,450,-1
16.0,20.6667,2014-06-15 18:59:59.905,26.2,15.1,19,0.0,0.7,0,964.0,0.0,0.0,6,2014,1233,450,-1
16.0,20.6667,2014-06-15 19:59:59.900,24.9,15.3,20,0.0,0.4,0,964.2,0.0,0.0,6,2014,1233,450,-1
16.0,20.6667,2014-06-15 20:59:59.895,23.8,15.3,22,0.0,0.8,0,964.3,0.0,0.0,6,2014,1233,450,-1
16.0,20.6667,2014-06-15 21:59:59.890,22.8,14.8,23,0.0,0.6,0,964.0,0.0,0.0,6,2014,1233,450,-1
16.0,20.6667,2014-06-15 22:59:59.885,22.0,14.0,25,0.0,1.1,0,964.2,0.0,0.0,6,2014,1233,450,-1
16.0,20.6667,2014-06-15 23:59:59.880,21.2,13.2,26,0.0,1.0,0,963.9,0.0,0.0,6,2014,1233,450,-1
16.0,20.6667,2014-06-16 00:59:59.875,20.5,13.1,28,0.0,1.4,0,964.0,0.0,0.0,6,2014,1233,450,-1
16.0,20.6667,2014-06-16 01:59:59.870,19.8,12.7,29,0.0,1.3,0,963.9,0.0,0.0,6,2014,1233,450,-1
16.0,20.6667,2014-06-16 02:59:59.865,19.3,12.8,30,0.0,1.3,0,964.6,0.0,0.0,6,2014,1233,450,-1
16.0,20.6667,2014-06-16 03:59:59.860,18.8,13.0,31,0.0,1.3,0,965.0,0.0,0.0,6,2014,1233,450,-1
16.0,20.6667,2014-06-16 04:59:59.855,18.4,13.3,32,0.0,1.4,0,965.3,0.0,0.0,6,2014,1233,450,-1
16.0,20.6667,2014-06-16 05:59:59.850,18.5,13.6,32,0.0,1.5,0,965.6,51.0,1611.2,6,2014,1233,450,-1
16.0,20.6667,2014-06-16 06:59:59.845,20.0,15.1,29,0.0,1.4,0,966.5,261.0,3600.0,6,2014,1233,450,-1
16.0,20.6667,2014-06-16 07:59:59.840,22.4,17.8,25,0.0,1.4,0,967.4,495.0,3600.0,6,2014,1233,450,-1
16.0,20.6667,2014-06-16 08:59:59.835,24.8,23.8,22,0.0,1.7,0,967.2,691.0,3600.0,6,2014,1233,450,2
16.0,20.6667,2014-06-16 09:59:59.830,26.9,27.7,20,0.0,2.0,0,966.3,827.0,3600.0,6,2014,1233,450,2
16.0,20.6667,2014-06-16 10:59:59.825,28.6,28.6,18,0.0,2.0,0,965.5,891.0,3600.0,6,2014,1233,450,2
16.0,20.6667,2014-06-16 11:59:59.820,29.8,28.4,17,0.0,2.1,0,964.3,876.0,3600.0,6,2014,1233,450,2
16.0,20.6667,2014-06-16 12:59:59.815,30.8,26.9,15,0.0,1.2,0,963.3,783.0,3600.0,6,2014,1233,450,2
16.0,20.6667,2014-06-16 13:59:59.810,31.2,25.4,12,0.0,-1.5,0,962.6,621.0,3600.0,6,2014,1233,450,2
16.0,20.6667,2014-06-16 14:59:59.805,31.0,24.8,12,0.0,-1.7,0,962.4,404.0,3600.0,6,2014,1233,450,2
16.0,20.6667,2014-06-16 15:59:59.800,30.1,22.7,13,0.0,-1.3,0,962.6,164.0,3600.0,6,2014,1233,450,2
16.0,20.6667,2014-06-16 16:59:59.795,28.3,17.6,14,0.0,-1.7,0,962.7,10.0,0.0,6,2014,1233,450,-1
16.0,20.6667,2014-06-16 17:59:59.790,26.8,17.5,15,0.0,-2.0,0,963.4,0.0,0.0,6,2014,1233,450,-1
16.0,20.6667,2014-06-16 18:59:59.785,25.5,19.7,18,0.0,-0.6,0,964.0,0.0,0.0,6,2014,1233,450,-1
16.0,20.6667,2014-06-16 19:59:59.780,24.4,20.2,20,0.0,0.0,0,964.7,0.0,0.0,6,2014,1233,450,-1
16.0,20.6667,2014-06-16 20:59:59.775,23.4,20.0,22,0.0,0.5,0,964.9,0.0,0.0,6,2014,1233,450,-1
16.0,20.6667,2014-06-16 21:59:59.770,22.4,19.1,23,0.0,0.3,0,964.8,0.0,0.0,6,2014,1233,450,-1
16.0,20.6667,2014-06-16 22:59:59.765,21.6,18.0,25,0.0,0.7,0,964.5,0.0,0.0,6,2014,1233,450,-1
16.0,20.6667,2014-06-16 23:59:59.760,20.8,17.4,26,0.0,0.6,0,964.2,0.0,0.0,6,2014,1233,450,0
16.0,20.6667,2014-06-17 00:59:59.755,20.2,17.2,27,0.0,0.6,0,963.8,0.0,0.0,6,2014,1233,450,0
16.0,20.6667,2014-06-17 01:59:59.750,19.6,16.9,28,0.0,0.6,0,963.7,0.0,0.0,6,2014,1233,450,0
16.0,20.6667,2014-06-17 02:59:59.745,19.1,16.8,29,0.0,0.6,0,963.9,0.0,0.0,6,2014,1233,450,0
16.0,20.6667,2014-06-17 03:59:59.740,18.6,16.5,30,0.0,0.7,0,964.3,0.0,0.0,6,2014,1233,450,0
16.0,20.6667,2014-06-17 04:59:59.735,18.1,16.8,32,0.0,1.1,0,964.8,0.0,0.0,6,2014,1233,450,0
16.0,20.6667,2014-06-17 05:59:59.730,18.1,17.6,32,0.0,1.1,0,965.3,51.0,1610.89,6,2014,1233,450,-1
16.0,20.6667,2014-06-17 06:59:59.725,19.5,20.0,30,0.0,1.5,0,966.2,264.0,3600.0,6,2014,1233,450,-1
16.0,20.6667,2014-06-17 07:59:59.720,21.7,25.3,27,0.0,1.9,0,967.1,500.0,3600.0,6,2014,1233,450,2
16.0,20.6667,2014-06-17 08:59:59.715,23.8,30.8,24,0.0,2.0,0,967.1,698.0,3600.0,6,2014,1233,450,-1
16.0,20.6667,2014-06-17 09:59:59.710,25.7,33.2,21,0.0,1.7,0,966.5,836.0,3600.0,6,2014,1233,450,-1
16.0,20.6667,2014-06-17 10:59:59.705,27.0,32.5,19,0.0,1.4,0,965.6,899.0,3600.0,6,2014,1233,450,-1
16.0,20.6667,2014-06-17 11:59:59.700,28.0,30.9,18,0.0,1.5,0,964.5,881.0,3600.0,6,2014,1233,450,2
16.0,20.6667,2014-06-17 12:59:59.695,28.6,28.9,17,0.0,1.2,0,963.6,787.0,3600.0,6,2014,1233,450,2
16.0,20.6667,2014-06-17 13:59:59.690,28.7,28.4,16,0.0,0.4,0,963.0,625.0,3600.0,6,2014,1233,450,2
16.0,20.6667,2014-06-17 14:59:59.685,28.4,27.3,17,0.0,1.0,0,963.0,407.0,3600.0,6,2014,1233,450,2
16.0,20.6667,2014-06-17 15:59:59.680,27.5,24.7,18,0.0,1.1,0,963.3,166.0,3600.0,6,2014,1233,450,2
16.0,20.6667,2014-06-17 16:59:59.675,26.1,17.9,20,0.0,1.4,0,963.7,10.0,0.0,6,2014,1233,450,-1
16.0,20.6667,2014-06-17 17:59:59.670,24.7,15.9,23,0.0,2.2,0,964.1,0.0,0.0,6,2014,1233,450,-1
16.0,20.6667,2014-06-17 18:59:59.665,23.5,16.9,24,0.0,1.8,0,964.3,0.0,0.0,6,2014,1233,450,-1
16.0,20.6667,2014-06-17 19:59:59.660,22.6,20.6,25,0.0,1.6,0,964.4,0.0,0.0,6,2014,1233,450,-1
16.0,20.6667,2014-06-17 20:59:59.655,21.7,22.0,27,0.0,1.9,0,964.5,0.0,0.0,6,2014,1233,450,-1
16.0,20.6667,2014-06-17 21:59:59.650,20.9,21.9,30,0.0,2.7,0,964.2,0.0,0.0,6,2014,1233,450,-1
16.0,20.6667,2014-06-17 22:59:59.645,20.1,21.4,32,0.0,2.9,0,964.1,0.0,0.0,6,2014,1233,450,-1
16.0,20.6667,2014-06-17 23:59:59.640,19.3,19.6,35,0.0,3.5,0,963.8,0.0,0.0,6,2014,1233,450,-1
16.0,20.6667,2014-06-18 00:59:59.635,18.5,16.9,37,0.0,3.5,0,963.5,0.0,0.0,6,2014,1233,450,-1
16.0,20.6667,2014-06-18 01:59:59.630,17.7,15.0,39,0.0,3.6,0,963.5,0.0,0.0,6,2014,1233,450,-1
16.0,20.6667,2014-06-18 02:59:59.625,16.9,14.5,41,0.0,3.6,0,963.4,0.0,0.0,6,2014,1233,450,-1
16.0,20.6667,2014-06-18 03:59:59.620,16.3,14.4,42,0.0,3.4,0,963.7,0.0,0.0,6,2014,1233,450,-1
16.0,20.6667,2014-06-18 04:59:59.615,15.8,14.5,43,0.0,3.3,0,964.1,0.0,0.0,6,2014,1233,450,-1
16.0,20.6667,2014-06-18 05:59:59.610,15.7,14.4,42,0.0,2.8,0,964.8,51.0,1497.87,6,2014,1233,450,-1
16.0,20.6667,2014-06-18 06:59:59.605,17.0,14.8,37,0.0,2.2,0,965.9,262.0,3600.0,6,2014,1233,450,-1
16.0,20.6667,2014-06-18 07:59:59.600,19.0,18.4,30,0.0,1.1,0,966.7,498.0,3600.0,6,2014,1233,450,-1
16.0,20.6667,2014-06-18 08:59:59.595,21.2,23.5,24,0.0,-0.2,0,966.4,697.0,3600.0,6,2014,1233,450,2
16.0,20.6667,2014-06-18 09:59:59.590,23.2,23.0,21,0.0,-0.3,0,965.8,836.0,3600.0,6,2014,1233,450,2
16.0,20.6667,2014-06-18 10:59:59.585,25.1,23.0,18,0.0,-0.9,0,964.8,901.0,3600.0,6,2014,1233,450,2
16.0,20.6667,2014-06-18 11:59:59.580,26.5,22.8,16,0.0,-1.4,0,963.7,884.0,3600.0,6,2014,1233,450,2
16.0,20.6667,2014-06-18 12:59:59.575,27.4,22.4,15,0.0,-1.5,0,963.1,802.0,3600.0,6,2014,1233,450,2
16.0,20.6667,2014-06-18 13:59:59.570,27.8,21.5,15,0.0,-1.2,0,962.6,654.0,3600.0,6,2014,1233,450,2
16.0,20.6667,2014-06-18 14:59:59.565,27.7,20.3,15,0.0,-1.3,0,962.4,444.0,3600.0,6,2014,1233,450,2
16.0,20.6667,2014-06-18 15:59:59.560,26.9,17.3,16,0.0,-1.1,0,962.5,202.0,3600.0,6,2014,1233,450,-1
16.0,20.6667,2014-06-18 16:59:59.555,25.5,14.0,17,0.0,-1.4,0,962.8,36.0,542.93,6,2014,1233,450,-1
16.0,20.6667,2014-06-18 17:59:59.550,24.1,11.6,19,0.0,-1.0,0,963.1,0.0,0.0,6,2014,1233,450,1
16.0,20.6667,2014-06-18 18:59:59.545,22.9,9.6,21,0.0,-0.6,0,963.6,0.0,0.0,6,2014,1233,450,1
16.0,20.6667,2014-06-18 19:59:59.540,21.7,9.1,22,0.0,-0.9,0,964.1,0.0,0.0,6,2014,1233,450,1
16.0,20.6667,2014-06-18 20:59:59.535,20.7,10.1,24,0.0,-0.6,0,964.4,0.0,0.0,6,2014,1233,450,-1
16.0,20.6667,2014-06-18 21:59:59.530,19.7,11.8,26,0.0,-0.3,0,964.1,0.0,0.0,6,2014,1233,450,-1
16.0,20.6667,2014-06-18 22:59:59.525,18.8,13.6,28,0.0,-0.1,0,963.7,0.0,0.0,6,2014,1233,450,-1
16.0,20.6667,2014-06-18 23:59:59.520,18.0,15.1,30,0.0,0.2,0,963.2,0.0,0.0,6,2014,1233,450,0
16.0,20.6667,2014-06-19 00:59:59.515,17.3,15.7,32,0.0,0.5,1,963.0,0.0,0.0,6,2014,1233,450,0
16.0,20.6667,2014-06-19 01:59:59.510,16.8,16.0,33,0.0,0.4,2,962.9,0.0,0.0,6,2014,1233,450,0
16.0,20.6667,2014-06-19 02:59:59.505,16.3,16.0,34,0.0,0.4,3,963.0,0.0,0.0,6,2014,1233,450,0
16.0,20.6667,2014-06-19 03:59:59.500,15.6,15.6,36,0.0,0.6,2,963.5,0.0,0.0,6,2014,1233,450,0
16.0,20.6667,2014-06-19 04:59:59.495,15.1,15.3,37,0.0,0.5,1,964.2,0.0,0.0,6,2014,1233,450,0
16.0,20.6667,2014-06-19 05:59:59.490,15.3,16.0,37,0.0,0.7,0,964.8,51.0,1498.06,6,2014,1233,450,-1
16.0,20.6667,2014-06-19 06:59:59.485,16.9,19.4,35,0.0,1.3,0,965.4,210.0,3600.0,6,2014,1233,450,-1
16.0,20.6667,2014-06-19 07:59:59.480,19.2,24.3,31,0.0,1.7,0,966.0,434.0,3600.0,6,2014,1233,450,2
16.0,20.6667,2014-06-19 08:59:59.475,21.5,27.3,27,0.0,1.7,0,966.2,660.0,3600.0,6,2014,1233,450,2
16.0,20.6667,2014-06-19 09:59:59.470,23.7,27.7,23,0.0,1.3,0,965.7,816.0,3600.0,6,2014,1233,450,2
16.0,20.6667,2014-06-19 10:59:59.465,25.8,26.3,19,0.0,0.4,0,964.9,890.0,3600.0,6,2014,1233,450,2
16.0,20.6667,2014-06-19 11:59:59.460,27.4,24.6,16,0.0,-0.6,0,964.2,886.0,3600.0,6,2014,1233,450,2
16.0,20.6667,2014-06-19 12:59:59.455,28.4,23.6,14,0.0,-1.6,0,963.7,808.0,3600.0,6,2014,1233,450,2
16.0,20.6667,2014-06-19 13:59:59.450,29.0,22.9,14,0.0,-1.2,0,963.2,657.0,3600.0,6,2014,1233,450,2
16.0,20.6667,2014-06-19 14:59:59.445,28.9,21.5,14,0.0,-1.3,0,963.0,447.0,3600.0,6,2014,1233,450,2
16.0,20.6667,2014-06-19 15:59:59.440,27.9,17.6,15,0.0,-1.1,0,963.1,205.0,3600.0,6,2014,1233,450,-1
16.0,20.6667,2014-06-19 16:59:59.435,26.3,12.5,17,0.0,-0.7,0,963.4,37.0,576.51,6,2014,1233,450,-1
16.0,20.6667,2014-06-19 17:59:59.430,24.7,9.2,19,0.0,-0.4,0,963.7,0.0,0.0,6,2014,1233,450,1
16.0,20.6667,2014-06-19 18:59:59.425,23.5,7.9,20,0.0,-0.8,0,964.2,0.0,0.0,6,2014,1233,450,1
16.0,20.6667,2014-06-19 19:59:59.420,22.3,8.1,22,0.0,-0.5,0,964.7,0.0,0.0,6,2014,1233,450,1
16.0,20.6667,2014-06-19 20:59:59.415,21.2,9.2,23,0.0,-0.8,0,964.9,0.0,0.0,6,2014,1233,450,1
16.0,20.6667,2014-06-19 21:59:59.410,20.2,10.6,24,0.0,-1.0,0,964.7,0.0,0.0,6,2014,1233,450,1
16.0,20.6667,2014-06-19 22:59:59.405,19.3,12.8,26,0.0,-0.7,0,964.1,0.0,0.0,6,2014,1233,450,-1
16.0,20.6667,2014-06-19 23:59:59.400,18.5,14.2,27,0.0,-0.8,0,963.7,0.0,0.0,6,2014,1233,450,0
16.0,20.6667,2014-06-20 00:59:59.395,17.9,14.4,28,0.0,-0.9,2,963.6,0.0,0.0,6,2014,1233,450,0
16.0,20.6667,2014-06-20 01:59:59.390,17.4,14.0,28,0.0,-1.3,4,963.6,0.0,0.0,6,2014,1233,450,-1
16.0,20.6667,2014-06-20 02:59:59.385,16.9,13.9,28,0.0,-1.7,6,963.7,0.0,0.0,6,2014,1233,450,-1
16.0,20.6667,2014-06-20 03:59:59.380,16.5,13.9,29,0.0,-1.6,4,964.1,0.0,0.0,6,2014,1233,450,-1
16.0,20.6667,2014-06-20 04:59:59.375,16.2,14.2,29,0.0,-1.8,2,964.6,0.0,0.0,6,2014,1233,450,-1
16.0,20.6667,2014-06-20 05:59:59.370,16.0,14.2,30,0.0,-1.5,0,965.1,51.0,1498.53,6,2014,1233,450,-1
16.0,20.6667,2014-06-20 06:59:59.365,17.9,17.0,28,0.0,-0.8,0,966.1,210.0,3600.0,6,2014,1233,450,-1
16.0,20.6667,2014-06-20 07:59:59.360,20.4,22.2,24,0.0,-0.9,0,966.8,434.0,3600.0,6,2014,1233,450,2
16.0,20.6667,2014-06-20 08:59:59.355,22.7,26.1,21,0.0,-0.8,0,967.1,661.0,3600.0,6,2014,1233,450,2
16.0,20.6667,2014-06-20 09:59:59.350,24.5,26.9,19,0.0,-0.6,1,966.5,817.0,3600.0,6,2014,1233,450,2
16.0,20.6667,2014-06-20 10:59:59.345,26.2,26.3,17,0.0,-0.7,1,965.6,894.0,3600.0,6,2014,1233,450,2
16.0,20.6667,2014-06-20 11:59:59.340,27.5,25.2,16,0.0,-0.5,2,964.6,889.0,3600.0,6,2014,1233,450,2
16.0,20.6667,2014-06-20 12:59:59.335,28.4,23.9,15,0.0,-0.7,1,964.0,811.0,3600.0,6,2014,1233,450,2
16.0,20.6667,2014-06-20 13:59:59.330,28.9,22.1,13,0.0,-2.3,1,963.5,660.0,3600.0,6,2014,1233,450,2
16.0,20.6667,2014-06-20 14:59:59.325,28.9,19.6,13,0.0,-2.3,0,963.2,449.0,3600.0,6,2014,1233,450,2
16.0,20.6667,2014-06-20 15:59:59.320,28.0,16.1,14,0.0,-2.0,2,963.2,207.0,3600.0,6,2014,1233,450,-1
16.0,20.6667,2014-06-20 16:59:59.315,26.5,11.7,15,0.0,-2.3,4,963.4,37.0,609.41,6,2014,1233,450,-1
16.0,20.6667,2014-06-20 17:59:59.310,25.0,8.9,17,0.0,-1.8,6,963.8,0.0,0.0,6,2014,1233,450,1
16.0,20.6667,2014-06-20 18:59:59.305,23.6,8.6,19,0.0,-1.4,5,964.2,0.0,0.0,6,2014,1233,450,1
16.0,20.6667,2014-06-20 19:59:59.300,22.1,9.4,21,0.0,-1.2,4,964.6,0.0,0.0,6,2014,1233,450,1
16.0,20.6667,2014-06-20 20:59:59.295,20.9,10.7,23,0.0,-1.0,3,964.9,0.0,0.0,6,2014,1233,450,1
16.0,20.6667,2014-06-20 21:59:59.290,20.0,12.1,24,0.0,-1.2,7,964.8,0.0,0.0,6,2014,1233,450,-1
16.0,20.6667,2014-06-20 22:59:59.285,19.3,13.4,26,0.0,-0.7,12,964.5,0.0,0.0,6,2014,1233,450,-1
16.0,20.6667,2014-06-20 23:59:59.280,18.7,14.7,27,0.0,-0.7,16,964.2,0.0,0.0,6,2014,1233,450,-1
16.0,20.6667,2014-06-21 00:59:59.275,18.1,15.3,28,0.0,-0.7,18,964.0,0.0,0.0,6,2014,1233,450,-1
16.0,20.6667,2014-06-21 01:59:59.270,17.7,15.3,30,0.0,-0.1,21,963.9,0.0,0.0,6,2014,1233,450,-1
16.0,20.6667,2014-06-21 02:59:59.265,17.2,15.3,31,0.0,-0.1,23,964.0,0.0,0.0,6,2014,1233,450,-1
16.0,20.6667,2014-06-21 03:59:59.260,16.6,14.7,32,0.0,-0.2,19,964.3,0.0,0.0,6,2014,1233,450,-1
16.0,20.6667,2014-06-21 04:59:59.255,16.0,14.0,33,0.0,-0.3,15,964.8,0.0,0.0,6,2014,1233,450,-1
16.0,20.6667,2014-06-21 05:59:59.250,16.2,14.8,33,0.0,-0.1,11,965.4,51.0,1499.26,6,2014,1233,450,-1
16.0,20.6667,2014-06-21 06:59:59.245,17.6,18.1,31,0.0,0.3,13,966.1,209.0,3600.0,6,2014,1233,450,-1
16.0,20.6667,2014-06-21 07:59:59.240,19.9,22.7,28,0.0,0.8,15,966.8,433.0,3600.0,6,2014,1233,450,2
16.0,20.6667,2014-06-21 08:59:59.235,22.0,26.0,25,0.0,1.1,17,967.1,659.0,3600.0,6,2014,1233,450,2
16.0,20.6667,2014-06-21 09:59:59.230,23.9,26.0,22,0.0,0.9,17,966.5,816.0,3600.0,6,2014,1233,450,2
16.0,20.6667,2014-06-21 10:59:59.225,25.6,24.1,20,0.0,1.0,17,965.4,893.0,3600.0,6,2014,1233,450,2
16.0,20.6667,2014-06-21 11:59:59.220,27.0,22.5,18,0.0,0.6,17,964.5,889.0,3600.0,6,2014,1233,450,2
16.0,20.6667,2014-06-21 12:59:59.215,27.8,21.3,16,0.0,-0.3,17,963.7,811.0,3600.0,6,2014,1233,450,2
16.0,20.6667,2014-06-21 13:59:59.210,28.2,20.2,15,0.0,-0.9,17,963.1,662.0,3600.0,6,2014,1233,450,2
16.0,20.6667,2014-06-21 14:59:59.205,28.1,18.8,15,0.0,-1.0,17,962.6,451.0,3600.0,6,2014,1233,450,-1
16.0,20.6667,2014-06-21 15:59:59.200,27.2,16.1,15,0.0,-1.7,11,962.5,210.0,3600.0,6,2014,1233,450,-1
16.0,20.6667,2014-06-21 16:59:59.195,25.7,12.5,17,0.0,-1.2,6,962.6,39.0,641.99,6,2014,1233,450,-1
16.0,20.6667,2014-06-21 17:59:59.190,24.3,10.4,18,0.0,-1.5,0,962.9,0.0,0.0,6,2014,1233,450,1
16.0,20.6667,2014-06-21 18:59:59.185,23.1,9.4,20,0.0,-1.1,31,963.4,0.0,0.0,6,2014,1233,450,-1
16.0,20.6667,2014-06-21 19:59:59.180,21.9,9.9,21,0.0,-1.4,61,963.9,0.0,0.0,6,2014,1233,450,-1
16.0,20.6667,2014-06-21 20:59:59.175,20.8,11.2,23,0.0,-1.1,92,964.2,0.0,0.0,6,2014,1233,450,-1
16.0,20.6667,2014-06-21 21:59:59.170,19.9,13.4,25,0.0,-0.7,69,964.1,0.0,0.0,6,2014,1233,450,-1
16.0,20.6667,2014-06-21 22:59:59.165,19.1,15.8,26,0.0,-0.9,45,963.8,0.0,0.0,6,2014,1233,450,-1
28.5,28.5,2014-06-15 00:00:00.000,13.9,7.1,73,0.0,9.1,93,990.6,0.0,0.0,6,2014,1036,256,-1
28.5,28.5,2014-06-15 01:00:00.000,13.5,7.4,76,0.0,9.3,1,990.1,0.0,0.0,6,2014,1036,256,1
28.5,28.5,2014-06-15 01:59:59.990,13.0,9.7,79,0.0,9.4,0,989.6,0.0,0.0,6,2014,1036,256,-1
28.5,28.5,2014-06-15 02:59:59.985,12.5,5.5,80,0.0,9.1,5,989.4,0.0,0.0,6,2014,1036,256,1
28.5,28.5,2014-06-15 03:59:59.980,12.2,7.4,80,0.0,8.9,35,989.9,0.0,0.0,6,2014,1036,256,-1
28.5,28.5,2014-06-15 04:59:59.975,12.0,2.6,83,0.0,9.2,24,990.5,0.0,0.0,6,2014,1036,256,-1
28.5,28.5,2014-06-15 05:59:59.970,12.4,4.4,80,0.0,9.0,0,990.9,52.5,486.02,6,2014,1036,256,-1
28.5,28.5,2014-06-15 06:59:59.965,13.7,5.0,74,0.0,9.2,0,991.7,252.3,3600.0,6,2014,1036,256,-1
28.5,28.5,2014-06-15 07:59:59.960,15.7,9.0,64,0.0,8.9,0,992.3,443.7,3600.0,6,2014,1036,256,-1
28.5,28.5,2014-06-15 08:59:59.955,17.6,9.5,55,0.0,8.4,0,992.1,592.6,3600.0,6,2014,1036,256,2
28.5,28.5,2014-06-15 09:59:59.950,19.4,10.9,45,0.0,7.1,0,991.6,684.4,3600.0,6,2014,1036,256,2
28.5,28.5,2014-06-15 10:59:59.945,20.7,15.7,38,0.0,5.8,0,990.9,708.3,3600.0,6,2014,1036,256,-1
28.5,28.5,2014-06-15 11:59:59.940,21.3,18.2,36,0.0,5.6,0,990.7,661.3,3600.0,6,2014,1036,256,-1
28.5,28.5,2014-06-15 12:59:59.935,21.1,22.1,40,0.0,6.9,0,990.6,547.1,3600.0,6,2014,1036,256,-1
28.5,28.5,2014-06-15 13:59:59.930,20.1,22.2,45,0.0,7.8,0,991.1,379.6,3600.0,6,2014,1036,256,-1
28.5,28.5,2014-06-15 14:59:59.925,19.1,19.1,51,0.0,8.7,0,991.2,178.2,3600.0,6,2014,1036,256,-1
28.5,28.5,2014-06-15 15:59:59.920,18.0,17.9,57,0.0,9.4,0,991.4,14.7,0.0,6,2014,1036,256,-1
28.5,28.5,2014-06-15 16:59:59.915,17.0,14.8,63,0.0,9.9,0,992.0,0.0,0.0,6,2014,1036,256,-1
28.5,28.5,2014-06-15 17:59:59.910,16.0,11.4,68,0.0,10.1,0,992.5,0.0,0.0,6,2014,1036,256,-1
28.5,28.5,2014-06-15 18:59:59.905,15.1,9.9,73,0.0,10.3,0,992.7,0.0,0.0,6,2014,1036,256,-1
28.5,28.5,2014-06-15 19:59:59.900,14.4,9.0,77,0.0,10.4,0,992.6,0.0,0.0,6,2014,1036,256,-1
28.5,28.5,2014-06-15 20:59:59.895,13.7,8.1,81,0.0,10.5,0,992.6,0.0,0.0,6,2014,1036,256,-1
28.5,28.5,2014-06-15 21:59:59.890,13.3,9.0,85,0.0,10.8,0,992.4,0.0,0.0,6,2014,1036,256,-1
28.5,28.5,2014-06-15 22:59:59.885,13.1,13.0,87,0.0,11.0,1,992.7,0.0,0.0,6,2014,1036,256,-1
28.5,28.5,2014-06-15 23:59:59.880,12.6,11.4,92,0.0,11.3,0,992.3,0.0,0.0,6,2014,1036,256,-1
28.5,28.5,2014-06-16 00:59:59.875,12.0,7.8,95,0.0,11.2,0,992.0,0.0,0.0,6,2014,1036,256,-1
28.5,28.5,2014-06-16 01:59:59.870,11.5,4.2,97,0.0,11.0,0,991.8,0.0,0.0,6,2014,1036,256,1
28.5,28.5,2014-06-16 02:59:59.865,11.1,3.6,98,0.0,10.7,0,991.9,0.0,0.0,6,2014,1036,256,1
28.5,28.5,2014-06-16 03:59:59.860,10.7,4.9,99,0.0,10.5,17,992.4,0.0,0.0,6,2014,1036,256,1
28.5,28.5,2014-06-16 04:59:59.855,10.6,6.9,100,0.0,10.6,94,993.2,0.0,0.0,6,2014,1036,256,-1
28.5,28.5,2014-06-16 05:59:59.850,11.2,9.1,100,0.0,11.2,100,994.0,39.4,0.0,6,2014,1036,256,-1
28.5,28.5,2014-06-16 06:59:59.845,11.3,8.3,97,0.0,10.8,100,994.4,162.0,3571.7,6,2014,1036,256,-1
28.5,28.5,2014-06-16 07:59:59.840,12.7,7.2,85,0.0,10.2,0,994.8,367.3,3600.0,6,2014,1036,256,-1
28.5,28.5,2014-06-16 08:59:59.835,15.5,9.0,67,0.0,9.4,0,994.8,602.6,3600.0,6,2014,1036,256,-1
28.5,28.5,2014-06-16 09:59:59.830,17.3,11.4,52,0.0,7.3,0,994.3,694.4,3600.0,6,2014,1036,256,2
28.5,28.5,2014-06-16 10:59:59.825,18.3,13.8,44,0.0,5.8,0,993.4,717.6,3600.0,6,2014,1036,256,-1
28.5,28.5,2014-06-16 11:59:59.820,18.9,13.7,42,0.0,5.7,0,993.0,669.0,3600.0,6,2014,1036,256,-1
28.5,28.5,2014-06-16 12:59:59.815,19.3,14.5,40,0.0,5.3,0,992.7,552.5,3600.0,6,2014,1036,256,-1
28.5,28.5,2014-06-16 13:59:59.810,19.3,15.8,39,0.0,5.0,0,992.8,383.5,3600.0,6,2014,1036,256,-1
28.5,28.5,2014-06-16 14:59:59.805,18.7,16.1,39,0.0,4.4,19,992.9,182.1,3600.0,6,2014,1036,256,-1
28.5,28.5,2014-06-16 15:59:59.800,17.7,15.2,42,0.0,4.6,69,992.8,16.2,0.0,6,2014,1036,256,-1
28.5,28.5,2014-06-16 16:59:59.795,16.5,11.6,46,0.0,4.8,46,993.3,0.0,0.0,6,2014,1036,256,-1
28.5,28.5,2014-06-16 17:59:59.790,15.4,9.0,51,0.0,5.3,45,993.6,0.0,0.0,6,2014,1036,256,-1
28.5,28.5,2014-06-16 18:59:59.785,14.5,8.2,54,0.0,5.3,37,993.8,0.0,0.0,6,2014,1036,256,-1
28.5,28.5,2014-06-16 19:59:59.780,13.9,6.8,57,0.0,5.5,27,993.6,0.0,0.0,6,2014,1036,256,-1
28.5,28.5,2014-06-16 20:59:59.775,13.4,5.0,59,0.0,5.5,18,993.6,0.0,0.0,6,2014,1036,256,-1
28.5,28.5,2014-06-16 21:59:59.770,12.9,3.2,61,0.0,5.6,11,993.4,0.0,0.0,6,2014,1036,256,-1
28.5,28.5,2014-06-16 22:59:59.765,12.4,1.1,63,0.0,5.6,0,993.2,0.0,0.0,6,2014,1036,256,0
28.5,28.5,2014-06-16 23:59:59.760,12.0,0.8,65,0.0,5.6,0,992.9,0.0,0.0,6,2014,1036,256,0
28.5,28.5,2014-06-17 00:59:59.755,11.6,1.1,67,0.0,5.6,3,992.7,0.0,0.0,6,2014,1036,256,0
28.5,28.5,2014-06-17 01:59:59.750,11.2,1.6,69,0.0,5.7,15,992.3,0.0,0.0,6,2014,1036,256,0
28.5,28.5,2014-06-17 02:59:59.745,11.0,2.6,70,0.0,5.7,31,992.3,0.0,0.0,6,2014,1036,256,-1
28.5,28.5,2014-06-17 03:59:59.740,10.8,1.4,71,0.0,5.8,49,992.6,0.0,0.0,6,2014,1036,256,-1
28.5,28.5,2014-06-17 04:59:59.735,10.8,0.8,73,0.0,6.1,69,992.7,0.0,0.0,6,2014,1036,256,-1
28.5,28.5,2014-06-17 05:59:59.730,11.4,0.7,71,0.0,6.3,71,993.3,51.7,348.62,6,2014,1036,256,-1
28.5,28.5,2014-06-17 06:59:59.725,13.2,0.8,64,0.0,6.5,58,993.9,213.0,3600.0,6,2014,1036,256,-1
28.5,28.5,2014-06-17 07:59:59.720,15.4,3.6,58,0.0,7.1,52,994.4,405.9,3600.0,6,2014,1036,256,-1
28.5,28.5,2014-06-17 08:59:59.715,17.1,6.6,53,0.0,7.4,41,994.2,554.8,3600.0,6,2014,1036,256,-1
28.5,28.5,2014-06-17 09:59:59.710,18.5,7.9,47,0.0,7.0,33,993.4,668.2,3600.0,6,2014,1036,256,-1
28.5,28.5,2014-06-17 10:59:59.705,19.5,8.0,42,0.0,6.2,18,992.1,692.9,3600.0,6,2014,1036,256,2
28.5,28.5,2014-06-17 11:59:59.700,20.3,8.7,39,0.0,5.8,5,991.8,662.0,3600.0,6,2014,1036,256,2
28.5,28.5,2014-06-17 12:59:59.695,20.6,8.6,37,0.0,5.4,0,991.4,554.0,3600.0,6,2014,1036,256,2
28.5,28.5,2014-06-17 13:59:59.690,20.7,10.4,37,0.0,5.5,0,991.6,386.6,3600.0,6,2014,1036,256,2
28.5,28.5,2014-06-17 14:59:59.685,20.1,9.4,38,0.0,5.3,0,991.6,185.2,3600.0,6,2014,1036,256,2
28.5,28.5,2014-06-17 15:59:59.680,19.2,9.1,40,0.0,5.2,0,991.8,17.0,0.0,6,2014,1036,256,-1
28.5,28.5,2014-06-17 16:59:59.675,17.4,7.0,44,0.0,5.0,0,992.2,0.0,0.0,6,2014,1036,256,-1
28.5,28.5,2014-06-17 17:59:59.670,16.0,5.2,48,0.0,5.0,0,992.2,0.0,0.0,6,2014,1036,256,-1
28.5,28.5,2014-06-17 18:59:59.665,15.1,3.6,52,0.0,5.3,0,991.9,0.0,0.0,6,2014,1036,256,0
28.5,28.5,2014-06-17 19:59:59.660,14.3,2.9,54,0.0,5.1,0,991.8,0.0,0.0,6,2014,1036,256,0
28.5,28.5,2014-06-17 20:59:59.655,13.8,2.6,56,0.0,5.1,2,991.7,0.0,0.0,6,2014,1036,256,0
28.5,28.5,2014-06-17 21:59:59.650,13.3,2.4,58,0.0,5.2,3,991.3,0.0,0.0,6,2014,1036,256,0
28.5,28.5,2014-06-17 22:59:59.645,12.8,1.4,60,0.0,5.2,6,990.9,0.0,0.0,6,2014,1036,256,0
28.5,28.5,2014-06-17 23:59:59.640,12.5,0.5,61,0.0,5.1,18,990.7,0.0,0.0,6,2014,1036,256,0
28.5,28.5,2014-06-18 00:59:59.635,12.2,1.3,62,0.0,5.1,31,990.4,0.0,0.0,6,2014,1036,256,0
28.5,28.5,2014-06-18 01:59:59.630,12.0,1.1,63,0.0,5.1,39,989.9,0.0,0.0,6,2014,1036,256,-1
28.5,28.5,2014-06-18 02:59:59.625,11.8,2.2,64,0.0,5.2,30,989.6,0.0,0.0,6,2014,1036,256,0
28.5,28.5,2014-06-18 03:59:59.620,11.6,1.6,65,0.0,5.2,31,990.0,0.0,0.0,6,2014,1036,256,0
28.5,28.5,2014-06-18 04:59:59.615,11.3,1.9,66,0.0,5.2,33,990.5,0.0,0.0,6,2014,1036,256,0
28.5,28.5,2014-06-18 05:59:59.610,11.8,2.2,65,0.0,5.4,32,991.0,58.6,915.83,6,2014,1036,256,-1
28.5,28.5,2014-06-18 06:59:59.605,13.9,1.3,57,0.0,5.5,42,991.8,246.9,3600.0,6,2014,1036,256,-1
28.5,28.5,2014-06-18 07:59:59.600,16.1,5.3,52,0.0,6.2,12,992.2,426.7,3600.0,6,2014,1036,256,-1
28.5,28.5,2014-06-18 08:59:59.595,18.3,7.0,46,0.0,6.4,27,992.0,602.6,3600.0,6,2014,1036,256,-1
28.5,28.5,2014-06-18 09:59:59.590,19.5,5.3,40,0.0,5.5,39,991.2,691.4,3600.0,6,2014,1036,256,-1
28.5,28.5,2014-06-18 10:59:59.585,20.1,3.1,37,0.0,4.9,41,990.0,702.2,3600.0,6,2014,1036,256,-1
28.5,28.5,2014-06-18 11:59:59.580,20.8,1.8,34,0.0,4.4,35,989.6,656.6,3600.0,6,2014,1036,256,-1
28.5,28.5,2014-06-18 12:59:59.575,21.4,1.9,32,0.0,4.0,8,989.6,549.4,3600.0,6,2014,1036,256,-1
28.5,28.5,2014-06-18 13:59:59.570,21.8,4.8,31,0.0,3.9,38,989.7,390.4,3600.0,6,2014,1036,256,-1
28.5,28.5,2014-06-18 14:59:59.565,21.7,8.7,30,0.0,3.4,33,989.7,174.4,3600.0,6,2014,1036,256,-1
28.5,28.5,2014-06-18 15:59:59.560,20.7,10.5,32,0.0,3.4,17,990.0,17.7,0.0,6,2014,1036,256,-1
28.5,28.5,2014-06-18 16:59:59.555,18.7,9.1,36,0.0,3.3,0,990.7,0.0,0.0,6,2014,1036,256,-1
28.5,28.5,2014-06-18 17:59:59.550,17.1,8.7,40,0.0,3.3,0,990.8,0.0,0.0,6,2014,1036,256,-1
28.5,28.5,2014-06-18 18:59:59.545,15.9,6.2,44,0.0,3.7,0,990.6,0.0,0.0,6,2014,1036,256,-1
28.5,28.5,2014-06-18 19:59:59.540,15.1,5.9,46,0.0,3.6,0,990.4,0.0,0.0,6,2014,1036,256,-1
28.5,28.5,2014-06-18 20:59:59.535,14.6,3.7,48,0.0,3.7,0,990.3,0.0,0.0,6,2014,1036,256,-1
28.5,28.5,2014-06-18 21:59:59.530,14.0,1.0,50,0.0,3.7,0,990.0,0.0,0.0,6,2014,1036,256,0
28.5,28.5,2014-06-18 22:59:59.525,13.3,1.1,52,0.0,3.7,0,989.7,0.0,0.0,6,2014,1036,256,0
28.5,28.5,2014-06-18 23:59:59.520,12.8,1.3,54,0.0,3.7,0,989.6,0.0,0.0,6,2014,1036,256,0
28.5,28.5,2014-06-19 00:59:59.515,12.4,0.8,56,0.0,3.8,0,989.4,0.0,0.0,6,2014,1036,256,0
28.5,28.5,2014-06-19 01:59:59.510,12.0,0.5,57,0.0,3.7,0,988.9,0.0,0.0,6,2014,1036,256,0
28.5,28.5,2014-06-19 02:59:59.505,11.8,0.4,58,0.0,3.8,0,988.7,0.0,0.0,6,2014,1036,256,0
28.5,28.5,2014-06-19 03:59:59.500,11.6,0.8,59,0.0,3.9,0,989.1,0.0,0.0,6,2014,1036,256,0
28.5,28.5,2014-06-19 04:59:59.495,11.4,0.5,60,0.0,3.9,0,989.8,0.0,0.0,6,2014,1036,256,0
28.5,28.5,2014-06-19 05:59:59.490,11.9,0.8,59,0.0,4.1,0,990.2,66.4,1622.28,6,2014,1036,256,-1
28.5,28.5,2014-06-19 06:59:59.485,14.4,1.1,50,0.0,4.1,0,990.6,270.8,3600.0,6,2014,1036,256,-1
28.5,28.5,2014-06-19 07:59:59.480,16.7,0.8,43,0.0,4.0,0,991.1,469.1,3600.0,6,2014,1036,256,-1
28.5,28.5,2014-06-19 08:59:59.475,18.6,3.1,37,0.0,3.6,0,991.0,624.2,3600.0,6,2014,1036,256,-1
28.5,28.5,2014-06-19 09:59:59.470,20.3,6.5,31,0.0,2.6,0,990.5,717.6,3600.0,6,2014,1036,256,-1
28.5,28.5,2014-06-19 10:59:59.465,21.5,11.2,28,0.0,2.2,0,989.5,741.5,3600.0,6,2014,1036,256,-1
28.5,28.5,2014-06-19 11:59:59.460,22.0,14.3,26,0.0,1.6,0,989.1,692.9,3600.0,6,2014,1036,256,-1
28.5,28.5,2014-06-19 12:59:59.455,19.8,9.6,44,0.0,7.2,0,990.5,578.0,3600.0,6,2014,1036,256,2
28.5,28.5,2014-06-19 13:59:59.450,19.8,10.5,44,0.0,7.2,0,990.6,419.0,3600.0,6,2014,1036,256,2
28.5,28.5,2014-06-19 14:59:59.445,19.3,10.7,46,0.0,7.4,0,990.8,217.0,3600.0,6,2014,1036,256,2
28.5,28.5,2014-06-19 15:59:59.440,18.4,9.3,50,0.0,7.8,0,991.1,44.0,967.66,6,2014,1036,256,2
28.5,28.5,2014-06-19 16:59:59.435,17.0,7.1,55,0.0,7.9,0,991.5,0.0,0.0,6,2014,1036,256,1
28.5,28.5,2014-06-19 17:59:59.430,15.8,5.2,60,0.0,8.1,0,991.9,0.0,0.0,6,2014,1036,256,1
28.5,28.5,2014-06-19 18:59:59.425,15.0,5.0,64,0.0,8.2,0,992.1,0.0,0.0,6,2014,1036,256,1
28.5,28.5,2014-06-19 19:59:59.420,14.3,5.5,67,0.0,8.2,0,992.3,0.0,0.0,6,2014,1036,256,1
28.5,28.5,2014-06-19 20:59:59.415,13.7,5.6,70,0.0,8.3,0,992.4,0.0,0.0,6,2014,1036,256,1
28.5,28.5,2014-06-19 21:59:59.410,13.1,5.3,74,0.0,8.6,0,992.3,0.0,0.0,6,2014,1036,256,1
28.5,28.5,2014-06-19 22:59:59.405,12.7,4.7,78,0.0,8.9,0,992.2,0.0,0.0,6,2014,1036,256,1
28.5,28.5,2014-06-19 23:59:59.400,12.2,4.4,82,0.0,9.2,0,992.0,0.0,0.0,6,2014,1036,256,1
28.5,28.5,2014-06-20 00:59:59.395,11.8,4.9,84,0.0,9.2,0,992.0,0.0,0.0,6,2014,1036,256,1
28.5,28.5,2014-06-20 01:59:59.390,11.4,5.2,86,0.0,9.1,0,991.9,0.0,0.0,6,2014,1036,256,1
28.5,28.5,2014-06-20 02:59:59.385,11.1,5.7,87,0.0,9.0,0,992.0,0.0,0.0,6,2014,1036,256,1
28.5,28.5,2014-06-20 03:59:59.380,10.8,5.4,89,0.0,9.1,0,992.3,0.0,0.0,6,2014,1036,256,1
28.5,28.5,2014-06-20 04:59:59.375,10.7,5.1,91,0.0,9.3,0,992.7,0.0,0.0,6,2014,1036,256,1
28.5,28.5,2014-06-20 05:59:59.370,10.6,4.8,93,0.0,9.5,0,993.0,78.0,2352.28,6,2014,1036,256,-1
28.5,28.5,2014-06-20 06:59:59.365,12.0,10.2,89,0.0,10.3,73,993.9,201.0,3600.0,6,2014,1036,256,-1
28.5,28.5,2014-06-20 07:59:59.360,13.9,12.7,81,0.0,10.7,69,994.1,336.0,3600.0,6,2014,1036,256,-1
28.5,28.5,2014-06-20 08:59:59.355,15.5,14.1,72,0.0,10.5,66,994.1,454.0,3600.0,6,2014,1036,256,-1
28.5,28.5,2014-06-20 09:59:59.350,16.8,13.8,64,0.0,9.9,58,993.6,539.0,3600.0,6,2014,1036,256,3
28.5,28.5,2014-06-20 10:59:59.345,17.9,13.0,57,0.0,9.2,49,992.8,581.0,3600.0,6,2014,1036,256,3
28.5,28.5,2014-06-20 11:59:59.340,18.6,12.9,52,0.0,8.5,41,992.1,568.0,3600.0,6,2014,1036,256,3
28.5,28.5,2014-06-20 12:59:59.335,18.9,13.3,49,0.0,7.9,42,991.7,504.0,3600.0,6,2014,1036,256,3
28.5,28.5,2014-06-20 13:59:59.330,18.8,14.0,48,0.0,7.6,43,991.4,384.0,3600.0,6,2014,1036,256,3
28.5,28.5,2014-06-20 14:59:59.325,18.5,13.5,49,0.0,7.6,44,991.4,207.0,3600.0,6,2014,1036,256,3
28.5,28.5,2014-06-20 15:59:59.320,17.6,11.1,51,0.0,7.4,30,991.6,43.0,1019.11,6,2014,1036,256,-1
28.5,28.5,2014-06-20 16:59:59.315,16.4,7.4,55,0.0,7.4,16,991.9,0.0,0.0,6,2014,1036,256,-1
28.5,28.5,2014-06-20 17:59:59.310,15.4,4.6,59,0.0,7.4,2,992.2,0.0,0.0,6,2014,1036,256,1
28.5,28.5,2014-06-20 18:59:59.305,14.6,3.6,62,0.0,7.4,1,992.2,0.0,0.0,6,2014,1036,256,-1
28.5,28.5,2014-06-20 19:59:59.300,14.0,3.7,65,0.0,7.5,1,992.2,0.0,0.0,6,2014,1036,256,-1
28.5,28.5,2014-06-20 20:59:59.295,13.5,3.8,68,0.0,7.7,0,992.1,0.0,0.0,6,2014,1036,256,1
28.5,28.5,2014-06-20 21:59:59.290,13.0,4.0,71,0.0,7.8,26,991.9,0.0,0.0,6,2014,1036,256,-1
28.5,28.5,2014-06-20 22:59:59.285,12.5,4.0,74,0.0,8.0,53,991.6,0.0,0.0,6,2014,1036,256,-1
28.5,28.5,2014-06-20 23:59:59.280,12.1,4.5,77,0.0,8.2,79,991.3,0.0,0.0,6,2014,1036,256,-1
28.5,28.5,2014-06-21 00:59:59.275,11.7,4.6,81,0.0,8.5,65,991.0,0.0,0.0,6,2014,1036,256,-1
28.5,28.5,2014-06-21 01:59:59.270,11.3,4.5,85,0.0,8.8,50,990.8,0.0,0.0,6,2014,1036,256,-1
28.5,28.5,2014-06-21 02:59:59.265,11.0,4.2,88,0.0,9.1,36,990.6,0.0,0.0,6,2014,1036,256,-1
28.5,28.5,2014-06-21 03:59:59.260,10.8,3.6,91,0.0,9.4,43,990.8,0.0,0.0,6,2014,1036,256,-1
28.5,28.5,2014-06-21 04:59:59.255,10.8,2.5,93,0.0,9.7,51,991.2,0.0,0.0,6,2014,1036,256,-1
28.5,28.5,2014-06-21 05:59:59.250,11.2,1.8,92,0.0,10.0,58,991.4,66.0,1762.46,6,2014,1036,256,-1
28.5,28.5,2014-06-21 06:59:59.245,12.5,1.5,87,0.0,10.4,41,991.7,218.0,3600.0,6,2014,1036,256,-1
28.5,28.5,2014-06-21 07:59:59.240,14.2,1.6,78,0.0,10.4,24,991.8,401.0,3600.0,6,2014,1036,256,-1
28.5,28.5,2014-06-21 08:59:59.235,15.8,3.3,70,0.0,10.4,7,991.7,570.0,3600.0,6,2014,1036,256,-1
28.5,28.5,2014-06-21 09:59:59.230,17.1,6.1,61,0.0,9.5,27,991.1,674.0,3600.0,6,2014,1036,256,-1
28.5,28.5,2014-06-21 10:59:59.225,18.3,9.7,52,0.0,8.3,46,990.2,706.0,3600.0,6,2014,1036,256,3
28.5,28.5,2014-06-21 11:59:59.220,19.0,12.4,46,0.0,7.1,66,989.5,661.0,3600.0,6,2014,1036,256,3
28.5,28.5,2014-06-21 12:59:59.215,19.1,13.4,44,0.0,6.6,63,989.1,545.0,3600.0,6,2014,1036,256,3
28.5,28.5,2014-06-21 13:59:59.210,18.8,13.7,44,0.0,6.3,61,988.9,380.0,3600.0,6,2014,1036,256,3
28.5,28.5,2014-06-21 14:59:59.205,18.3,13.3,45,0.0,6.1,58,989.0,192.0,3600.0,6,2014,1036,256,3
28.5,28.5,2014-06-21 15:59:59.200,17.4,11.8,48,0.0,6.3,59,989.3,40.0,1070.68,6,2014,1036,256,3
28.5,28.5,2014-06-21 16:59:59.195,16.4,9.4,52,0.0,6.5,59,989.6,0.0,0.0,6,2014,1036,256,-1
28.5,28.5,2014-06-21 17:59:59.190,15.5,7.7,56,0.0,6.7,60,990.0,0.0,0.0,6,2014,1036,256,-1
28.5,28.5,2014-06-21 18:59:59.185,14.9,6.5,58,0.0,6.7,58,990.2,0.0,0.0,6,2014,1036,256,-1
28.5,28.5,2014-06-21 19:59:59.180,14.4,5.6,59,0.0,6.5,55,990.3,0.0,0.0,6,2014,1036,256,-1
28.5,28.5,2014-06-21 20:59:59.175,13.9,5.4,60,0.0,6.3,53,990.4,0.0,0.0,6,2014,1036,256,-1
28.5,28.5,2014-06-21 21:59:59.170,13.3,5.0,60,0.0,5.7,35,990.4,0.0,0.0,6,2014,1036,256,-1
28.5,28.5,2014-06-21 22:59:59.165,12.6,5.1,60,0.0,5.0,18,990.3,0.0,0.0,6,2014,1036,256,-1
